Cluster,Iteration,Weight_Seismic,Weight_Wildfire,Weight_Flood,Weight_Soil_Erosion,Weight_Landslide,Weight_Asset_Vulnerability
1,1,0.3243068003673843,0.28219539496442464,0.033202586613286685,0.08769311810939022,0.11543316231098302,0.15716893763453116
1,2,0.3056088146291324,0.2832156162017865,0.032634054274388424,0.09468150082838397,0.12427860750454381,0.15958140656176498
1,3,0.28827647370790926,0.3020692709918525,0.02899039488041302,0.0888303331214987,0.1142508672608698,0.17758266003745662
1,4,0.2906984376618684,0.2857315291660375,0.03115100842491996,0.09443305774626648,0.12521238901506676,0.17277357798584084
1,5,0.30778562886506755,0.298634118418963,0.02874092679348415,0.09213474665318122,0.11088735986446326,0.16181721940484084
1,6,0.3033770952182682,0.30406014691887495,0.029750927326342096,0.08074981502922436,0.12896184242560974,0.15310017308168072
1,7,0.28717919512426526,0.28726179280199665,0.032969237508446485,0.08616128066191076,0.11936240330425549,0.18706609059912527
1,8,0.30754214671314906,0.293488276441837,0.03161034753220283,0.08114735401938188,0.1091538050634418,0.1770580702299875
1,9,0.2903451697017049,0.29899342746181684,0.028559966028031444,0.08631123498714689,0.13217138995161076,0.1636188118696891
1,10,0.28964385306805907,0.31350187941881014,0.028264149300933426,0.09005247567389789,0.11759877606366008,0.16093886647463945
1,11,0.277566537867125,0.2977694542830046,0.031888172699123106,0.08463203960039113,0.12093205818283086,0.1872117373675253
1,12,0.3029518349977387,0.2924484731735776,0.03071420714431221,0.08205528010816934,0.12116496131458289,0.17066524326161933
1,13,0.2988899566439097,0.2723735683409185,0.0328796578372907,0.08060120764299662,0.1335441066655292,0.1817115028693553
1,14,0.2872867137069935,0.2855107551868851,0.03430414776872634,0.09420260339749757,0.12506507764136796,0.17363070229852948
1,15,0.3084983946883346,0.27289186139247185,0.028167691787524932,0.08906823610814711,0.1321887915661831,0.1691850244573384
1,16,0.27037065557151024,0.31302757188499586,0.02925668039150406,0.08980962383937155,0.12883210396813377,0.16870336434448452
1,17,0.31470268440508803,0.29486678295021856,0.03180177636842403,0.08055238006042717,0.12770703177918732,0.15036934443665484
1,18,0.30275293490798616,0.2990501227387436,0.02911689438968079,0.08223030762020643,0.11837029057296923,0.16847944977041385
1,19,0.27902350975352663,0.3080594239227668,0.030516199055560946,0.08266497564018549,0.12227540137069758,0.17746049025726252
1,20,0.2894306724294761,0.3012756191004145,0.03148020744846378,0.08013249998922009,0.12422753263245079,0.17345346839997472
1,21,0.30308695940479063,0.2895097437763299,0.02824821002216467,0.08031216355745426,0.12709273869744797,0.17175018454181273
1,22,0.30122097473586934,0.29155163430537895,0.030413412195433333,0.0818152071841448,0.12592989796588228,0.16906887361329126
1,23,0.2799759308693639,0.30891297359434994,0.028269986597863995,0.09301109827270322,0.12304370492428726,0.1667863057414317
1,24,0.2958129716054694,0.30440974933869397,0.026799835017267,0.08515135528240585,0.11389070027635277,0.1739353884798111
1,25,0.30527207627813613,0.29781878822708396,0.026721829189422473,0.09019770571718007,0.11068579813485407,0.16930380245332327
1,26,0.2880656653724795,0.28903346471937563,0.031026440466550755,0.07914078438008786,0.12881685239617785,0.18391679266532837
1,27,0.2948508091674424,0.3068952643190281,0.031090771092314135,0.0909375462488356,0.12647678536656176,0.14974882380581814
1,28,0.2676978378061371,0.31910945471643726,0.027927359107419125,0.08922561644766437,0.11734643522397784,0.17869329669836423
1,29,0.2793253020023363,0.2766657517406349,0.033061721316708294,0.09954240530253694,0.12829459763510326,0.18311022200268037
1,30,0.3115982860364059,0.2956810943572823,0.02695395975640195,0.07997922838339122,0.1167221426503303,0.16906528881618824
1,31,0.31769195964421243,0.2992429634216208,0.029607387257873524,0.07895797384073955,0.12048030293402205,0.1540194129015317
1,32,0.30063287943189,0.28067174618773555,0.030447323518397865,0.0788596884210625,0.1293735927463225,0.18001476969459168
1,33,0.28589751132636304,0.29405821735660265,0.029523431908752527,0.08502599190056703,0.12128397632873274,0.18421087117898197
1,34,0.2992463299867769,0.2942038204105731,0.02763829599171502,0.08829582114920277,0.12162245318387728,0.168993279277855
1,35,0.2939863529883363,0.30125045263762884,0.030093866280398146,0.0799803206984632,0.127064803478575,0.16762420391659852
1,36,0.3099738466480843,0.2635808573898162,0.029619754665293454,0.09531723457004534,0.12108381230315077,0.18042449442361005
1,37,0.2915423174601474,0.3064075596854522,0.027475701754845552,0.08519358071412843,0.12858423907452401,0.16079660131090232
1,38,0.3123257527690169,0.2912860002623718,0.03241299825481751,0.09353169963119819,0.11459099420681253,0.15585255487578306
1,39,0.2970971157789087,0.28593097160113,0.03256953293986869,0.0893953636754209,0.127774788263612,0.16723222774105964
1,40,0.2732327380545334,0.2946811550560036,0.03422847103045125,0.09690400388129601,0.1400273357364479,0.1609262962412678
1,41,0.31339012174253417,0.27720222111276555,0.03317217925023583,0.08709428725655899,0.12704736471846864,0.16209382591943683
1,42,0.3149466792421604,0.26702932055659484,0.028352747454465026,0.0805167321653082,0.12376102501047292,0.18539349557099855
1,43,0.297071474218994,0.3042701139455404,0.029531581103841992,0.0753740859520688,0.12868018061868147,0.1650725641608733
1,44,0.274257419905063,0.32176462573612347,0.02954667103547635,0.09120004095676684,0.12050515950442357,0.16272608286214674
1,45,0.28674008432071296,0.30303620539605447,0.02913007879775772,0.07966361293134668,0.1234137507481085,0.17801626780601967
1,46,0.2838035124535375,0.30365143226348335,0.033851199306577644,0.09003756210981265,0.12087606061444774,0.1677802332521411
1,47,0.3110702829945304,0.26258504291152535,0.028752605192952852,0.09040392436654314,0.13248260571313267,0.17470553882131565
1,48,0.2812935415965256,0.28804168633863286,0.03492263466365379,0.08370985286342741,0.11850657577820874,0.19352570875955158
1,49,0.29896565025226496,0.27046457685651354,0.03364374360316386,0.08721396146773197,0.133314203405477,0.1763978644148486
1,50,0.2824953619761355,0.29362779001267497,0.030564772791726803,0.09140606868864283,0.12539969602328938,0.17650631050753057
1,51,0.31113876695761344,0.2719491561145409,0.03296151020682231,0.08994692511266478,0.1259206269797639,0.1680830146285946
1,52,0.2759478519925846,0.293758686543355,0.03312947599381632,0.08789928505051739,0.13256927905746885,0.17669542136225777
1,53,0.32585943316375376,0.2719276992881599,0.029790209059325983,0.0964336561640353,0.11742614531262364,0.15856285701210143
1,54,0.320502221260567,0.28925064660024663,0.031707103655395974,0.08040607338331734,0.11742051331678167,0.1607134417836914
1,55,0.3134513310384395,0.28019319860193204,0.032059007748851176,0.09371436379668784,0.13203527341405005,0.1485468254000395
1,56,0.3036586980562925,0.27476186659551044,0.0314819628348097,0.08120028468443646,0.13021959285592755,0.17867759497302335
1,57,0.32141990147372257,0.26672119642945036,0.03219693151483715,0.09186480095611413,0.13447008537554656,0.15332708425032923
1,58,0.29008256238364266,0.2804733780445055,0.02951917040283351,0.08840747484218582,0.12735327717634273,0.1841641371504898
1,59,0.2764061341306671,0.32131652584360226,0.03010016264007129,0.08746422543387737,0.1171138287865276,0.16759912316525435
1,60,0.2897672087204572,0.28607674828165475,0.032202990270825925,0.0927007448142529,0.11972474753893979,0.17952756037386944
1,61,0.3052714054136709,0.2991937545442919,0.02877216886336487,0.08225459944026274,0.11973991993733145,0.164768151801078
1,62,0.27254470948033904,0.30863447738374433,0.02852299857055101,0.08760695267235612,0.1291936117571933,0.1734972501358162
1,63,0.27068534219783724,0.3224868351618009,0.033958488120685075,0.08704969554996789,0.12419742851326163,0.1616222104564473
1,64,0.29656569692569834,0.30019921869769756,0.0318221592996567,0.08023287883732433,0.11614016723517485,0.17503987900444815
1,65,0.2864606874668998,0.2998750077717344,0.03391587491208586,0.09414067623071214,0.12403674804701624,0.16157100557155157
1,66,0.29585028641531264,0.2854385523939877,0.02935235104436686,0.08769241175209938,0.11823505963108072,0.18343133876315268
1,67,0.3178654411243052,0.2808341835719296,0.029715205897759805,0.08334853915081428,0.1194785844101666,0.16875804584502457
1,68,0.29389302484459406,0.30629560149952495,0.02961973125515568,0.08723790077706409,0.12875495974865983,0.15419878187500127
1,69,0.2712019329486795,0.30038280839330656,0.03257443855161714,0.09080180036750866,0.12699491057911272,0.17804410915977537
1,70,0.3037256920244313,0.2992552991386962,0.031187539974668298,0.08693858873532656,0.12440393141966125,0.1544889487072163
1,71,0.28777559750616505,0.28150279766636205,0.03058074188597121,0.08948044524385282,0.12119374248668527,0.18946667521096364
1,72,0.27431616555221633,0.3181288449868235,0.03116917892212186,0.08433197779684226,0.12865184678652541,0.16340198595547062
1,73,0.3049242423243027,0.30809149294682064,0.026728633077285173,0.07836637145731007,0.11895123199637156,0.16293802819790992
1,74,0.3119634003998591,0.28764010629607434,0.028528230388667343,0.09275980230101855,0.12594183054991964,0.15316663006446107
1,75,0.30249937661221393,0.29072362423259107,0.031158534357844537,0.07765596349628279,0.12473508368522976,0.17322741761583788
1,76,0.2705582239745552,0.31304908097849427,0.03206277359285929,0.09668244266263663,0.1324637656110949,0.15518371318035973
1,77,0.2749904043483408,0.3089315973827846,0.028841732226558787,0.08326945423841293,0.13113249067259342,0.1728343211313095
1,78,0.2809391175148293,0.2875396751225181,0.0337526426431728,0.08909789306329198,0.13951279104661968,0.16915788060956818
1,79,0.3037293163532921,0.2933217683540432,0.03046649987757696,0.08021084220512685,0.1284190353355932,0.16385253787436774
1,80,0.32127332413182524,0.2814330381545597,0.028309180442023626,0.08081851536045691,0.12357809355295392,0.16458784835818055
1,81,0.2960703963507173,0.2947678661499847,0.03275027398153523,0.08538894836411026,0.11536231456600352,0.17566020058764908
1,82,0.29839387277014223,0.27780130292001165,0.028000989691064314,0.09210004115832006,0.1310539319737804,0.1726498614866813
1,83,0.2787697543590283,0.30620778433527196,0.032513243113204145,0.08353932491451505,0.11854088484626175,0.1804290084317189
1,84,0.26803067988108015,0.32103449624583935,0.03180622010234761,0.09500356784849025,0.11565416725375259,0.16847086866849004
1,85,0.2873728922855698,0.2971182679068265,0.030648268915322168,0.09308340454249157,0.1213269134250679,0.1704502529247221
1,86,0.2836249670341965,0.29802303721090556,0.029311147921366052,0.08289030841650903,0.13263535013309424,0.17351518928392864
1,87,0.2687279649871767,0.3111141970524908,0.029713318166735052,0.0867487757091365,0.12436671595133106,0.17932902813312987
1,88,0.29725971431064,0.2741112316759467,0.030502300374306623,0.08614270686326056,0.1273989833381821,0.18458506343766407
1,89,0.29129416043398504,0.29045237929616236,0.030633186766806954,0.08964315261434809,0.12147373480971099,0.17650338607898658
1,90,0.30045810726581124,0.2959990012298881,0.02980910339819403,0.0868535442757581,0.1275746994662464,0.15930554436410213
1,91,0.27678482562555723,0.30296188400241914,0.03260392179928414,0.08994161239689213,0.12684159120889205,0.17086616496695528
1,92,0.3074813225499593,0.293912621494403,0.03256328340648958,0.09116638791074831,0.12179665176439974,0.15307973287400012
1,93,0.2718162724767745,0.3137474145329622,0.030847196607741857,0.08522073373408569,0.1280722535633755,0.1702961290850603
1,94,0.2856928240518261,0.3055483173528535,0.029792554989041944,0.0904065960228654,0.12857589402342715,0.1599838135599859
1,95,0.304674834742995,0.31672317940994105,0.028961770167381117,0.08100269754735052,0.1169448983838201,0.15169261974851228
1,96,0.32127866722741305,0.27954446793589466,0.029355113813977533,0.08867021225253556,0.11545062860211928,0.16570091016805993
1,97,0.2954396053806945,0.28737102372787876,0.029127108595241386,0.09995412100480087,0.12462146320308962,0.16348667808829487
1,98,0.2734983665348785,0.29992054178758687,0.029877698795677653,0.08648179268940467,0.12452243077425684,0.1856991694181954
1,99,0.295246673158101,0.3066428626428167,0.02729013960796545,0.0832438833109393,0.11533984444892811,0.1722365968312494
1,100,0.29111875994488723,0.2854358721217247,0.029906818378082636,0.09014473191444826,0.13131495783907868,0.17207885980177845
1,101,0.2913674604859433,0.30866858377987,0.029447521715106846,0.08813138804774552,0.13018412793496106,0.1522009180363732
1,102,0.3060560464654622,0.2823056873247516,0.02752919374156737,0.08768426183667073,0.12897869995952976,0.16744611067201826
1,103,0.30367712949304765,0.3021238320720183,0.02833086735880116,0.07890449472917731,0.12253636165774268,0.1644273146892128
1,104,0.2929771769683401,0.29153929259754385,0.029040585203569856,0.0824147949046571,0.12843255522111724,0.17559559510477182
1,105,0.3159827904222033,0.2806982157765828,0.02780950401402052,0.08928740024241906,0.12927761348171674,0.15694447606305748
1,106,0.29556832747949535,0.28897453850237736,0.029325389099742742,0.08632746055859443,0.11786912742633408,0.1819351569334559
1,107,0.31297020843658313,0.27907063469779125,0.02880021698420358,0.08942127489448576,0.12601589706128102,0.1637217679256552
1,108,0.29169887694556984,0.2915724439887667,0.034157311187994754,0.09682965736799416,0.11903384072061142,0.16670786978906313
1,109,0.31300215754508776,0.2952106792860681,0.03264549163564294,0.08094418415152693,0.12733631896379305,0.15086116841788125
1,110,0.2847925231820809,0.2842891674872466,0.031424136950330916,0.09130974604003779,0.13101944497742302,0.17716498136288075
1,111,0.2904488657107589,0.3000445575971424,0.027906432267997272,0.0833537067732786,0.1359706019216324,0.1622758357291904
1,112,0.2794635971486951,0.29205913794020055,0.0315587325186621,0.09228101656373588,0.12908101996371873,0.1755564958649875
1,113,0.3066514015942634,0.2778540436464838,0.028617783974375696,0.08744566834048675,0.1308228877060213,0.16860821473836904
1,114,0.3075937939908495,0.3050629875842511,0.03131717117049341,0.09076787146425837,0.11405519834682218,0.15120297744332545
1,115,0.3147689324405636,0.2901041603701397,0.03181854758261207,0.09316171887864902,0.11042325777206738,0.15972338295596827
1,116,0.27568866653880214,0.2986938491040458,0.03338942718725087,0.09710813306465199,0.11638913049277635,0.17873079361247285
1,117,0.3094023539077639,0.2997469606465911,0.029268677335771747,0.08463385332984018,0.1216022375530109,0.15534591722702215
1,118,0.28908937901170895,0.29756635840551027,0.027145985641473126,0.08432690406614866,0.11927702557149268,0.18259434730366633
1,119,0.271750108175257,0.30124666568454633,0.03252458256486375,0.09369519462248559,0.1319391242920077,0.16884432466083965
1,120,0.2880495080677169,0.3070939537606598,0.02911522788112844,0.07869835133442428,0.12607620805538217,0.17096675090068855
1,121,0.31803760626659916,0.27498170146671963,0.03425138135945964,0.09497569414745746,0.11741465999152217,0.16033895676824192
1,122,0.293763998821747,0.3072023871244413,0.030689418366888096,0.08727049116951625,0.11163540314390355,0.16943830137350388
1,123,0.2961776725517974,0.3028284956172404,0.02809046186942261,0.08217211461647853,0.1280474707600862,0.16268378458497487
1,124,0.27691220265052,0.3188672330623512,0.0320574182420069,0.08683155248856551,0.12960877724402187,0.15572281631253457
1,125,0.28275072344942115,0.3144033866365551,0.028844604788836756,0.08864821511070334,0.12473209877123947,0.16062097124324423
1,126,0.27317746759323314,0.2775750538082883,0.02863844188552154,0.09501018076311231,0.13825124286351173,0.187347613086333
1,127,0.296423574024689,0.29190614517751035,0.02720652610577775,0.09166686305555474,0.12187548730444608,0.17092140433202205
1,128,0.3150465597684663,0.294119629481385,0.030166459047389193,0.07810070788885982,0.1144735839320305,0.16809305988186912
1,129,0.28133385714061937,0.2908389566228602,0.03204367321160122,0.09512106754712604,0.13147582787672088,0.16918661760107231
1,130,0.3142439575611982,0.29113021488201957,0.02955299527220226,0.0806086705183383,0.12111945477265858,0.16334470699358308
1,131,0.2990399591414183,0.29978423076680577,0.02875276644170692,0.09029028263824336,0.12103897635286057,0.1610937846589651
1,132,0.2942213150454902,0.2745600298056923,0.03268575800455827,0.0977973901309514,0.11702780941992624,0.1837076975933816
1,133,0.3054094018295569,0.27309261404949126,0.03402965984662682,0.09210415134856834,0.13175376168777356,0.1636104112379832
1,134,0.29751413061527526,0.3028837539262394,0.0317311595718124,0.08879043602071224,0.12585687435436557,0.15322364551159523
1,135,0.2911464730464831,0.2761491224660695,0.028742356864216338,0.09356411143758044,0.12614743051922098,0.1842505056664296
1,136,0.2855792550913859,0.29995315438769105,0.031245529211179016,0.08522638526030428,0.12305340728550872,0.17494226876393107
1,137,0.31784549343253193,0.29833295206741856,0.03073168887537289,0.08431333437801487,0.1139235359501089,0.1548529952965528
1,138,0.3140571831208848,0.2891479243413975,0.02964102443935198,0.08205731464484174,0.12500013404469149,0.1600964194088324
1,139,0.29958519838987824,0.2993957345031999,0.030618525828224316,0.09453952130525763,0.11815457670850907,0.15770644326493088
1,140,0.3007078483199544,0.30639281521212874,0.026643915628739308,0.07881041671823735,0.12891243901174057,0.15853256510919972
1,141,0.2842297232361994,0.29048928636350724,0.03049477748042979,0.09043182844476964,0.12062246882398145,0.1837319156511125
1,142,0.2934563986308332,0.2788411450560386,0.03045723925202588,0.10036846401831019,0.12357321020803887,0.1733035428347533
1,143,0.2874162705991976,0.3038949030126209,0.02998175564887101,0.09039936569843053,0.1107018267279629,0.17760587831291696
1,144,0.3046582684649911,0.28727865798129276,0.028051359862331898,0.08236369999057944,0.13205173758057134,0.16559627612023342
1,145,0.3014024428062348,0.2862567877332538,0.029996322805077913,0.08690174867312667,0.12509810839396104,0.17034458958834578
1,146,0.29146334550219183,0.2968650929893073,0.031639757936385265,0.09008897668449968,0.11482777116281448,0.17511505572480135
1,147,0.27312033175877054,0.3161027325229445,0.03158708718102281,0.0861045602137509,0.13364107650186954,0.15944421182164167
1,148,0.3022326759316047,0.2995319235452933,0.02720411651818305,0.08577234051152433,0.11804392032740905,0.16721502316598566
1,149,0.302716456295121,0.26431620254900345,0.030882115250115305,0.09063433560239159,0.1333409751071842,0.17810991519618447
1,150,0.2860370146563588,0.29180839844747336,0.031478409065715765,0.09709697063116171,0.11725723401784068,0.17632197318144974
1,151,0.2858225348940629,0.2919571094750174,0.028073302465862062,0.08893619558060029,0.12859533271238544,0.17661552487207186
1,152,0.28836455690105,0.2926745830828951,0.032557691021919376,0.08592538485668968,0.12170279330947091,0.17877499082797485
1,153,0.2894966606812493,0.2843790319442499,0.032539511194825385,0.09018508454051252,0.13529184240071307,0.1681078692384499
1,154,0.30641949054212514,0.28755853388506897,0.028423013686379225,0.07832861164441932,0.12360709628951877,0.1756632539524886
1,155,0.3081946589713821,0.2724024892441159,0.03160849290952947,0.0833285900444596,0.13159817758461206,0.17286759124590084
1,156,0.27730419806805523,0.3082192770509278,0.029957592670315718,0.0864854593265205,0.11440185729397875,0.183631615590202
1,157,0.2973980230612478,0.27484668974117965,0.03032787475201335,0.08421247858712505,0.12895805213421904,0.18425688172421506
1,158,0.27391896293141427,0.276314773224956,0.033159484121977625,0.0959519393190104,0.137111730080124,0.1835431103225177
1,159,0.2979639727991346,0.28754111331923105,0.032217855210569336,0.09090235152129633,0.11819730788915098,0.17317739926061765
1,160,0.30041312330240016,0.2715212390649411,0.03232047149805179,0.08661529149677731,0.13108924255507134,0.17804063208275833
1,161,0.29115336102608297,0.29284205068787095,0.033839050643378936,0.08579401247577069,0.12586617492186303,0.17050535024503344
1,162,0.3081983574559053,0.30205624647497226,0.030859337644834853,0.08089783747892347,0.12377193188941384,0.1542162890559502
1,163,0.27597404704733797,0.2904451982807261,0.02990839492917366,0.09876166626448031,0.12871479106112818,0.1761959024171538
1,164,0.3065681814078764,0.28525091986341605,0.02845911627579591,0.08412315101936389,0.12196177860103694,0.17363685283251082
1,165,0.3055955656261402,0.2939215262169155,0.028164983723119565,0.0836177510052801,0.11180690605850897,0.1768932673700356
1,166,0.31125887403119235,0.2732071170887044,0.0285647382298602,0.08684782538881948,0.1186671851753908,0.1814542600860328
1,167,0.3018830038114463,0.2767243177703095,0.028255859772540637,0.09228097599885736,0.11400326244413064,0.18685258020271558
1,168,0.31365122787090616,0.2796261454381503,0.03219985174367912,0.08737263052413037,0.1289007321113563,0.15824941231177767
1,169,0.3018372205090873,0.2912079154248538,0.029164359486621987,0.08402424572901092,0.1145020338091561,0.1792642250412699
1,170,0.28802750307926633,0.2939861526811305,0.032977193856848934,0.09244051827805376,0.11297069536015412,0.17959793674454633
1,171,0.28533731619252606,0.2871249528915208,0.03292446874605818,0.08554120676390334,0.12715998513983978,0.1819120702661519
1,172,0.3145431498334046,0.2810480987040329,0.02839524375906699,0.07920170080044918,0.12237500388462812,0.17443680301841813
1,173,0.31396920766877506,0.2889170468910227,0.029232316092591158,0.08612725654930624,0.1167909557727153,0.16496321702558953
1,174,0.3084071147144149,0.29361307174872175,0.027562307460953832,0.08682167451765588,0.11309190340966399,0.1705039281485898
1,175,0.28022665741421704,0.2880515534597935,0.032841117424051186,0.09867773185834695,0.12454505126259718,0.17565788858099418
1,176,0.30540284944808516,0.2789360740106554,0.03493077697488807,0.09648650123746778,0.12321437912485872,0.16102941920404482
1,177,0.27492064310929,0.31420181186020923,0.03301502284931316,0.08716281591693789,0.13236755970853153,0.15833214655571817
1,178,0.27302935899709113,0.30165669520362376,0.030874647927911076,0.08584444876035514,0.12815947341249473,0.18043537569852405
1,179,0.2713806567764808,0.29983984444331474,0.031387506709385275,0.09511528189771082,0.11937775587054468,0.18289895430256364
1,180,0.2987438061701971,0.29338505640038404,0.029853622776920417,0.08393993802177621,0.11556610571370474,0.1785114709170175
1,181,0.28335522657581574,0.2937912273031641,0.033083953349737405,0.09117885486319771,0.12224496542931182,0.17634577247877317
1,182,0.3037117189351199,0.3069522722371152,0.03208298117344841,0.0793666179061724,0.11437364700510746,0.1635127627430366
1,183,0.2893699474001575,0.29401056142417803,0.03115234914565785,0.08880429137507945,0.12650813143076978,0.1701547192241573
1,184,0.3065187904010115,0.29239170874448434,0.027856758441309436,0.08469979491757512,0.12258946233977497,0.16594348515584462
1,185,0.2991064477619375,0.2958984446967939,0.026960840445301327,0.09116635042760461,0.12170258057750108,0.16516533609086154
1,186,0.28654083524570695,0.289638571869769,0.03256467695316786,0.08447536654432056,0.13425358540844873,0.17252696397858688
1,187,0.30270611878355513,0.31074505780252804,0.03216267146986366,0.07794062052963249,0.12908852691101244,0.14735700450340816
1,188,0.3040116966882291,0.2888317903071257,0.030815907247042737,0.08376531648945479,0.1187313821226716,0.17384390714547612
1,189,0.2819396646512198,0.2952967501338176,0.033773372095715556,0.08122106189659355,0.13556554931088946,0.17220360191176404
1,190,0.26684870097926594,0.2980072192500482,0.03381269159006013,0.09325038427232084,0.12566876680860248,0.18241223709970245
1,191,0.2879755317643103,0.30020810946186616,0.029725100659846904,0.09418933219770845,0.13251528097700413,0.15538664493926405
1,192,0.3080828632196981,0.29149456028279463,0.03262936678597688,0.08507399033181563,0.11770572269409163,0.1650134966856231
1,193,0.3011577806559312,0.2976469368323566,0.028788891519548044,0.08421077644094696,0.11648392616662875,0.17171168838458842
1,194,0.2853478420358941,0.3058991802835776,0.03220969733048775,0.08577900380893239,0.13187863030981933,0.1588856462312889
1,195,0.2944528118367753,0.30660877499537453,0.031717997970733686,0.09140456716304704,0.12497231623014948,0.15084353180391993
1,196,0.31261529000243304,0.27542546630455544,0.029823332163854212,0.09454000617063828,0.12690744066287596,0.16068846469564316
1,197,0.30357173480913213,0.28788162324731176,0.028162128395659475,0.08918635198519055,0.12176066101053117,0.16943750055217482
1,198,0.29594353595306455,0.2974888155273738,0.030882582079675175,0.09415790772093177,0.12422543132520272,0.15730172739375203
1,199,0.2976555776899936,0.27070398758178243,0.03292655983202248,0.09723991373366268,0.12691961139430513,0.1745543497682336
1,200,0.2903754483344237,0.29067335350870577,0.033241520799144955,0.08508646204216287,0.12339042342220735,0.17723279189335536
1,201,0.2973157869679252,0.29961668145753034,0.030802846444927125,0.08337147495255555,0.12201705626178572,0.16687615391527608
1,202,0.3113184056827297,0.27397952421179217,0.03416158670479758,0.08308541078869401,0.11673811087935371,0.18071696173263282
1,203,0.29096810001039114,0.30391904991701507,0.03454842591365032,0.089273019072191,0.11934725446078964,0.16194415062596285
1,204,0.29397739352153307,0.2957793871762168,0.031238856603644467,0.08885868691033023,0.1308596387622512,0.1592860370260242
1,205,0.3043528325112437,0.27491949716245967,0.031690947936600274,0.09562380533724173,0.11436760525338742,0.17904531179906719
1,206,0.2741236538575108,0.31384087176293124,0.032186490315152055,0.08825285292743434,0.11212222913513993,0.17947390200183153
1,207,0.3172206169844981,0.2658718403649254,0.029068551361831944,0.08326366540301249,0.12102169946932607,0.18355362641640594
1,208,0.2819009821322798,0.30425262818713833,0.030546345212450428,0.08379394993233696,0.11302675574665899,0.18647933878913545
1,209,0.2686851522271419,0.3145236638743388,0.03095970724575652,0.0952511452984226,0.12046446326734067,0.1701158680869994
1,210,0.28634746427083585,0.2903576701367656,0.03089388185983862,0.09370204099304474,0.12517128601073818,0.17352765672877696
1,211,0.30814620460695735,0.28090659472157203,0.027255629824879654,0.09371915433820689,0.11264220598844801,0.17733021051993605
1,212,0.2987183402031613,0.29771765747143714,0.03211159819791944,0.09038184035399613,0.12687857501300925,0.15419198876047663
1,213,0.28881711983063046,0.3053733064278056,0.028264866380205027,0.08123088961788032,0.13103500294664436,0.16527881479683437
1,214,0.28747944421775656,0.28325579492696584,0.02857969805481312,0.09466726930306775,0.12547132921133924,0.1805464642860575
1,215,0.2955989862819471,0.2864644137430916,0.02944071946232746,0.09215943853804426,0.13291619714954478,0.16342024482504483
1,216,0.29808474180564065,0.29507561125074633,0.030012432829783837,0.08572990190079653,0.1117872586469817,0.17931005356605087
1,217,0.2910700771629212,0.29902920626870017,0.030475113383931676,0.08510351673629445,0.1270809641705315,0.16724112227762108
1,218,0.2820790953122613,0.3013991222165071,0.030462050651182876,0.08934805036106433,0.13515430386951371,0.1615573775894706
1,219,0.27952085406002725,0.30545524925066003,0.031125359552123116,0.08360202041822944,0.12993481976972024,0.17036169694923994
1,220,0.2708087041921923,0.31414318166403465,0.027366784001858057,0.0951068527786997,0.12464931738365459,0.1679251599795607
1,221,0.3061291141251005,0.3043308081986485,0.0316240783389677,0.09166731257917045,0.11553554649531031,0.15071314026280241
1,222,0.30940347328449896,0.2805784475462048,0.02981457681741332,0.09181943101025788,0.11595254778625493,0.17243152355537011
1,223,0.2912373681273678,0.2973984690990522,0.027304085241552672,0.0822368666196142,0.12263415678881037,0.17918905412360275
1,224,0.2833291188406603,0.2999158882501149,0.029527749175108062,0.08114314420292276,0.1305259346398401,0.1755581648913538
1,225,0.3138869964422706,0.27213744394401385,0.0338047601783582,0.09487212798557697,0.12475012835788794,0.1605485430918925
1,226,0.2696773587477504,0.30535827270300725,0.03129779564581389,0.09304940178122455,0.12395280163896726,0.17666436948323666
1,227,0.28679497686695177,0.31038147377646513,0.029287797989455248,0.0834343344574587,0.12486461476310542,0.16523680214656372
1,228,0.27940463301815377,0.2874988313946003,0.02910422654406743,0.0903979177035101,0.13442887016601382,0.1791655211736547
1,229,0.288762729441262,0.3105995642216005,0.028390368075254423,0.08090733359043499,0.1333222139001165,0.15801779077133157
1,230,0.28958681136925596,0.3026049576095644,0.030155162774374827,0.09063342312965086,0.1160776010199072,0.17094204409724673
1,231,0.2954817867154444,0.2937619829695824,0.032251335041353385,0.08832830483923168,0.135733603742712,0.15444298669167617
1,232,0.3154212780223192,0.2771381011954737,0.03216844117169345,0.08455204718357685,0.1308994863645338,0.15982064606240298
1,233,0.3090118936177766,0.2832679557040347,0.02904398459721434,0.08390600909100199,0.12598210665720336,0.16878805033276914
1,234,0.30721491062994344,0.28791037095325267,0.02831834170808896,0.08883686033770907,0.11652315156185718,0.1711963648091487
1,235,0.29810860535033806,0.3066817352782737,0.0316679097938382,0.09252137982386562,0.12020708923569545,0.15081328051798895
1,236,0.3009924501502747,0.28226471558376426,0.03174203453101589,0.08974207687997715,0.11701266707125091,0.1782460557837171
1,237,0.2851135509932159,0.28711733867546074,0.034874759647242605,0.09738651523474257,0.1300720547260757,0.16543578072326245
1,238,0.29538030583575575,0.2929514401971013,0.031604792643266655,0.091239952395127,0.13324119953450567,0.15558230939424372
1,239,0.3154301651941192,0.27879600468080495,0.034083590098502294,0.09319641178156235,0.1165852031151209,0.16190862512989024
1,240,0.3146376832694303,0.2796065382925455,0.028125336403116714,0.09246192480641499,0.12064912150832378,0.16451939572016866
1,241,0.29529246934101117,0.3015787611585837,0.029380918760678446,0.09168016749553377,0.12854604655841304,0.15352163668577987
1,242,0.3019243717618432,0.26938891356291134,0.029962503194856913,0.0925445227961096,0.12653592234706648,0.17964376633721257
1,243,0.3175852628853517,0.27393111315661406,0.03185736485230347,0.09801425332160735,0.11608242938783805,0.16252957639628535
1,244,0.26440779905892353,0.3140911484180966,0.0327282429124616,0.08103474871375678,0.12711483102473106,0.1806232298720305
1,245,0.29073300055835866,0.3009248642114115,0.030882412270466245,0.08683572498223778,0.12036209115904112,0.17026190681848474
1,246,0.29075775904286716,0.28927851393259935,0.03159715270624376,0.08494474679384964,0.13701518544117125,0.16640664208326886
1,247,0.3000309880681269,0.29239938296257684,0.032979756522335237,0.09233595116229519,0.11352101863659217,0.1687329026480737
1,248,0.29570322113750097,0.29398135069707654,0.03134534672665921,0.08250548185283553,0.12483144003078454,0.17163315955514324
1,249,0.28334492460642435,0.2876287734889927,0.029178759936243092,0.08881016014932394,0.13679998430048007,0.1742373975185358
1,250,0.3014464128972286,0.2976295415347595,0.02865215298719599,0.08571129013973706,0.12296497899965651,0.16359562344142226
1,251,0.29707289057842057,0.27363232156324757,0.028968096247905202,0.08865578826770615,0.12849833590928816,0.18317256743343244
1,252,0.28546023114389796,0.28781359555731667,0.03146211845587446,0.10230221645300598,0.11915907491429376,0.17380276347561122
1,253,0.29501241852410576,0.2901425890799437,0.03255349166144758,0.08753576066296649,0.11563137968163933,0.17912436038989712
1,254,0.31187881547896845,0.27637055374763325,0.030163930031184078,0.09415296909249783,0.13360653316199353,0.15382719848772292
1,255,0.27268065750895,0.3024917932568135,0.032903957191659165,0.09282884053754338,0.12743087211806645,0.17166387938696745
1,256,0.32363786212277723,0.2677338782570181,0.02778224580989219,0.09605561210953498,0.1244645548733309,0.16032584682744663
1,257,0.27928839793818583,0.3087594239794357,0.02933120201996532,0.09880722046463267,0.12378929653003894,0.16002445906774154
1,258,0.2873016982260452,0.3022789846759176,0.03505186811029585,0.0898829117405717,0.11982993789913986,0.16565459934802979
1,259,0.2842671454848403,0.31922056841436885,0.03142028262740154,0.09301826882382368,0.11383993547561115,0.15823379917395444
1,260,0.2670053262643345,0.3075654220721989,0.03086029031209833,0.09481268313037505,0.12984455343025206,0.16991172479074115
1,261,0.2885096329237226,0.2833568023431169,0.028901644922928175,0.08510277494554455,0.13446858442430873,0.17966056044037898
1,262,0.2794988149590393,0.29555481923792193,0.029609415575247884,0.08554115372660319,0.12093632109653682,0.1888594754046509
1,263,0.3094747720950525,0.2679116002688333,0.030088413933354843,0.09464726182332071,0.13527115411467497,0.1626067977647637
1,264,0.29845379213332046,0.28450373792319117,0.031115681692336594,0.09175717184688266,0.12560769697372134,0.16856191943054785
1,265,0.2770148257518347,0.28568366252507615,0.02849825016958414,0.09485009173056998,0.1363390942978629,0.17761407552507213
1,266,0.2852161933242221,0.3148645452483349,0.03344493282605795,0.08974981981491639,0.12248043903222164,0.15424406975424698
1,267,0.2819614554374884,0.29717401269991944,0.029147063888925975,0.08363583654713012,0.13255843019917474,0.17552320122736131
1,268,0.30973184239276064,0.27955912688571877,0.029763671941453396,0.08642056157460996,0.12949793077411761,0.16502686643133976
1,269,0.2984354814900719,0.28336191852340004,0.030870038784234433,0.0852642164227841,0.1338720669230399,0.16819627785646968
1,270,0.28789818220541064,0.29621572398718393,0.03271869272402605,0.09323646331492376,0.12706659646545032,0.16286434130300528
1,271,0.27798880755055205,0.29574144792702034,0.03311159134170789,0.09398987490686275,0.12289632544068517,0.17627195283317174
1,272,0.29399104168232293,0.29427770492060884,0.031419949164671654,0.09490461897650858,0.11087024343511837,0.1745364418207696
1,273,0.27524630462239597,0.3055548816134567,0.027890085651729547,0.08616292781106362,0.12371365961621625,0.18143214068513802
1,274,0.2881973899512292,0.2983030412941242,0.028422899874808175,0.08436071809258466,0.12472352897517448,0.17599242181207936
1,275,0.2996765633281889,0.3127141316150853,0.029895276295426355,0.08287682729629908,0.12268541537533004,0.15215178608967028
1,276,0.28927611487287375,0.31182020662526033,0.028122827557182546,0.0781041636816202,0.12445949391092292,0.16821719335214033
1,277,0.3036592682108154,0.2942614812785192,0.030109459726218386,0.07998018789524337,0.1244758142413647,0.16751378864783895
1,278,0.2962926881555705,0.2763114893933918,0.03433326227350424,0.09347501915343684,0.12002982006684193,0.1795577209572547
1,279,0.31106549697716573,0.2759019744655108,0.02806406076917768,0.08292547136868796,0.1358432900133355,0.1661997064061224
1,280,0.2831921042715182,0.3136771657761419,0.0271644162816995,0.08156578678927222,0.11535329388095146,0.17904723300041675
1,281,0.28744159433687105,0.3070396555428736,0.030904099514606306,0.08652546560481572,0.1297132004387677,0.15837598456206564
1,282,0.3101072513378348,0.2703542910843648,0.03244223445113752,0.07813338588159657,0.1308035347255601,0.17815930251950607
1,283,0.2991760059029673,0.31261366144063546,0.032416201926211634,0.08339406798228874,0.12305762495375423,0.14934243779414258
1,284,0.29595438506592786,0.30600970910519465,0.03290211176348871,0.08065735407371077,0.12828915507358657,0.15618728491809136
1,285,0.2837727123008835,0.3133347089417869,0.032354096616516934,0.0831905931569913,0.12236659718622257,0.1649812917975988
1,286,0.30704230268622035,0.3153377042095948,0.027970539581018142,0.0779736482258081,0.11298964498513993,0.15868616031221863
1,287,0.28261815391090583,0.29008002464731797,0.03156435351090392,0.08728603434190708,0.13261986576004917,0.17583156782891599
1,288,0.3039927407851187,0.2811680483277496,0.028542122291035726,0.09219043459298158,0.1273841308939917,0.16672252310912264
1,289,0.284357287655471,0.2992557685405414,0.030138948446227852,0.08334789018814281,0.12569606018177654,0.17720404498784031
1,290,0.2931149741785701,0.2800909275021844,0.0327673070516038,0.07888322322578191,0.13358706755047806,0.18155650049138178
1,291,0.31799693945942864,0.2779388570851384,0.032200202803455584,0.09391502124778808,0.11720561656759079,0.1607433628365985
1,292,0.30392969412224,0.30316113385050275,0.027381849589809035,0.09139258356961052,0.1188964190896609,0.15523831977817673
1,293,0.2935081586806649,0.2782199908274108,0.031206936544085188,0.08979109164590988,0.1390273667565339,0.16824645554539533
1,294,0.29919510135888194,0.3048747849648184,0.02672480010337698,0.09156428497363038,0.1245741057245444,0.15306692287474782
1,295,0.2849913005311855,0.28552871298213045,0.030857490593576398,0.09640175429709527,0.11498500737282541,0.18723573422318696
1,296,0.28952451795214784,0.30926180932520114,0.033141146228599476,0.08960717109957445,0.12805464368588856,0.15041071170858852
1,297,0.30684100210687554,0.2872703517389344,0.030296606555364265,0.08266299528524922,0.12447163106603515,0.16845741324754138
1,298,0.2708826432584788,0.31539375642201545,0.03232543809446836,0.09437903846760316,0.1346613374725053,0.15235778628492896
1,299,0.28843684315507917,0.3053577051412112,0.03183696997941994,0.08102073501965072,0.1276466468993103,0.16570109980532868
1,300,0.2651884486298259,0.3049535863640115,0.030911199568299925,0.09316890371893537,0.12477197503236101,0.18100588668656628
1,301,0.30809148636511824,0.2835067310284145,0.02946695209613322,0.09271731896411749,0.12871252127678573,0.1575049902694308
1,302,0.29952439750866844,0.30471264307328627,0.026996050790517118,0.07770301409985447,0.12627454883823433,0.1647893456894394
1,303,0.31604385258240375,0.2904134424186014,0.03278373661816207,0.08519803379344437,0.11610994203205702,0.15945099255533146
1,304,0.287325039127011,0.28655795485068114,0.029850370397295305,0.08843392168035508,0.13250698418268478,0.17532572976197272
1,305,0.28083970391322083,0.30740619710044387,0.031561509646794404,0.07809507947168824,0.1317409483582974,0.17035656150955533
1,306,0.2739763026114511,0.3009163676786304,0.03312343253377116,0.0923484651821491,0.11534797412587473,0.18428745786812342
1,307,0.3049518994553656,0.299813935975892,0.028532698270120237,0.08620278825642029,0.1201031914759735,0.16039548656622846
1,308,0.3023776441181547,0.27579664201504234,0.032067713236121426,0.08697848408163274,0.12472452309313246,0.17805499345591624
1,309,0.28953007368740274,0.27499893176154555,0.0300747353727084,0.09112374153438108,0.13045290239556281,0.18381961524839938
1,310,0.29683291519820326,0.3030788007939369,0.03389761614707467,0.08281001520484242,0.11643549360767558,0.16694515904826718
1,311,0.3185923999459995,0.26809469197096625,0.027706962352109458,0.08694357808581171,0.11384194850778036,0.1848204191373327
1,312,0.3075409699400988,0.30696298360258506,0.02825012839594634,0.07866093876971099,0.12960556326635303,0.14897941602530593
1,313,0.30937274346801863,0.27996700934165886,0.03134190673232112,0.09034290049090632,0.12555467960393504,0.16342076036316006
1,314,0.3151159210147588,0.28733492568009195,0.03136824871609392,0.07921344933319266,0.12965811038159636,0.1573093448742663
1,315,0.31234747266166923,0.26611920207595824,0.03122810345384462,0.08919931975370063,0.12956984964470147,0.1715360524101258
1,316,0.3020569159378492,0.27593251721686524,0.031731749227552127,0.09667337830487871,0.1270874294873864,0.16651800982546827
1,317,0.310949443581137,0.28510982318892264,0.02830126424239055,0.0800703192351203,0.12678750234442632,0.1687816474080032
1,318,0.30457423610488593,0.27389307478036434,0.02756266498798862,0.09395479409660382,0.1305402764176548,0.16947495361250248
1,319,0.2954920261703659,0.27272762373876186,0.03257321898410964,0.08893704073019687,0.12929984094287425,0.18097024943369147
1,320,0.2858285993517865,0.28997104021347564,0.030080110110113294,0.08777434040682301,0.12627666202463256,0.180069247893169
1,321,0.2724939684111111,0.3209570475343751,0.02855780544264133,0.09151868463009555,0.12007493477067438,0.16639755921110252
1,322,0.29249127086404336,0.307557834974167,0.03216819266831887,0.08914351672196001,0.12217676595556846,0.15646241881594225
1,323,0.27158415512336226,0.315897645946769,0.030686878596689744,0.09003122070737955,0.12635971748825847,0.16544038213754098
1,324,0.292008112780989,0.3210169081242244,0.03250198746654419,0.0842324398222598,0.11461801915085536,0.15562253265512724
1,325,0.293407997361753,0.29098900275089623,0.03196560059011796,0.08913930340087793,0.11744399859351323,0.1770540973028417
1,326,0.27535412123547093,0.31244259282633696,0.03279773644565801,0.08713383853676647,0.12640682799442848,0.16586488296133922
1,327,0.2985151708290681,0.2980796315690442,0.03293008204881264,0.08448583790440793,0.12550628021222798,0.1604829974364391
1,328,0.28842104363640825,0.30481915579113833,0.032761619676083945,0.08186147736273451,0.12552706765904484,0.16660963587459024
1,329,0.2951786464864189,0.2846666517022274,0.028694382060671927,0.0863728354320885,0.13210539261123047,0.1729820917073628
1,330,0.28613966913133737,0.3134560943317817,0.032102957290831916,0.08788120141317761,0.11887358220857706,0.16154649562429435
1,331,0.29660996605136514,0.3051601726877173,0.03076787826257649,0.09046414127054218,0.11932940270036617,0.15766843902743266
1,332,0.30903821134362147,0.30303547883277887,0.027457641260357917,0.07776134207539968,0.12195136832414967,0.1607559581636923
1,333,0.2942273543007981,0.2926117063607647,0.029461573257695883,0.09436418323020236,0.11147706778836426,0.1778581150621746
1,334,0.3065743941831107,0.28721810199500475,0.030059699868383947,0.08424911388147108,0.12726158825155956,0.1646371018204699
1,335,0.30893084281250144,0.2833111944426972,0.03038141445585816,0.09213896692745202,0.118907434240119,0.16633014712137217
1,336,0.30517989775748794,0.3007135198906037,0.026496096064351264,0.08965095336658911,0.12468867744787249,0.15327085547309557
1,337,0.27994955847453984,0.3050228658231233,0.03172215521727087,0.09579672815602472,0.11486965860285399,0.17263903372618725
1,338,0.3122141372727611,0.2853417371841413,0.027718846243717697,0.09397778936398685,0.11186132174622347,0.1688861681891696
1,339,0.28312466676682657,0.2941847983719234,0.029909151284296866,0.08856802996190738,0.13576675322576365,0.16844660038928208
1,340,0.30653144367080026,0.29755593698186117,0.03254697200478831,0.07989171317488863,0.12341330449212705,0.1600606296755345
1,341,0.28129815674711317,0.3027944546459501,0.02924276979675816,0.09099458992042327,0.1310542912382012,0.16461573765155413
1,342,0.3056631318420188,0.28061866741528,0.027336730135520154,0.08162717781673624,0.1300537687886935,0.17470052400175123
1,343,0.3029380771162115,0.28212198789389276,0.03011304660775301,0.09196305813986146,0.12791708671421181,0.16494674352806937
1,344,0.2718602406953802,0.3090947825897914,0.029532489859277446,0.09147308975305543,0.13254873848275092,0.16549065861974466
1,345,0.27515471448284323,0.29640870906927774,0.03399219595319042,0.09085912364139116,0.1325411969392593,0.17104405991403815
1,346,0.2987694144185214,0.27322922658755716,0.03175593968709479,0.0958842720929342,0.13993615132275478,0.16042499589113765
1,347,0.30510919766904954,0.2880013781684489,0.028450293693772003,0.08647255986447323,0.1261200453824964,0.1658465252217599
1,348,0.29064803714602394,0.27966061455461827,0.032079923160588095,0.09268637415669669,0.12774976799193058,0.17717528299014243
1,349,0.277143392247796,0.32251111877974525,0.03000857938922753,0.08678897500117395,0.12567177103364865,0.1578761635484086
1,350,0.3094789426943548,0.2849911407393063,0.02690728943740037,0.0831610274920796,0.13201979674625677,0.16344180289060212
1,351,0.27569752077849474,0.28073728901108097,0.031446079766881234,0.09551654622101295,0.1376498080301632,0.17895275619236697
1,352,0.29156830405861067,0.2838088534591738,0.029102948757372828,0.09861508263748273,0.12021649646896036,0.1766883146183996
1,353,0.29403172432259106,0.2849194579060619,0.03170200253890678,0.09302665961225105,0.1221069577948864,0.17421319782530278
1,354,0.3017352311040655,0.2940611627057914,0.031025799395741047,0.08152170108755137,0.12506617433092518,0.16658993137592548
1,355,0.2935855460017303,0.3035498447581001,0.030706104478142513,0.07792837630719401,0.12194336365602619,0.17228676479880678
1,356,0.3010860248713778,0.2995589930585994,0.03141529178931697,0.08269998700625537,0.11705906408818428,0.16818063918626613
1,357,0.28989652818870737,0.2815849957756096,0.030180586327235814,0.08748392921874801,0.1376149280726892,0.1732390324170099
1,358,0.2978964970568417,0.30676941334317914,0.02785987254916695,0.08755075054110908,0.1233608152064414,0.15656265130326175
1,359,0.2829418251581113,0.27728293308775886,0.031186644126649458,0.08571419738970797,0.14097389703495708,0.18190050320281534
1,360,0.3040741240918368,0.2847360573811222,0.0328586374044085,0.09456757683308925,0.11358169438389101,0.1701819099056523
1,361,0.3122779564580312,0.26045440763307864,0.02758101587664704,0.08907986498231504,0.13170966458360372,0.1788970904663242
1,362,0.29443349395225066,0.2998832715821956,0.02896348606418329,0.07878800163771182,0.12530961189257772,0.17262213487108094
1,363,0.28710873388970337,0.2940775106370585,0.028344770229035574,0.09528189314300489,0.13057120293001945,0.16461588917117823
1,364,0.3067756721288754,0.2737192569556176,0.03153199899318127,0.0841830037054979,0.12186852418697024,0.18192154402985758
1,365,0.28630704902222454,0.3076562702742631,0.03279912893370601,0.09105065737395887,0.1244822140623661,0.1577046803334813
1,366,0.28982649879554423,0.29348465710862986,0.029983060122445355,0.09770178555442748,0.11420379695456859,0.17480020146438446
1,367,0.2830968501590247,0.2892182084689329,0.03498206947003343,0.08980221031673973,0.12567861940931935,0.17722204217594986
1,368,0.3043033993342173,0.29745427381679973,0.029964604840686648,0.08131446493379271,0.1278656129732816,0.15909764410122207
1,369,0.30816206006578556,0.2894494939685384,0.03288604308367772,0.08584574773821657,0.11285133980292704,0.17080531534085477
1,370,0.3000660850842062,0.28342669843624096,0.028784075611320264,0.08673612394180699,0.12192240260680688,0.17906461431961868
1,371,0.31215948119176323,0.2833955823939046,0.03128658348383935,0.09134460467113888,0.11306193339262532,0.16875181486672852
1,372,0.2959689258288577,0.28333394551835284,0.03178093003664164,0.07888680375083713,0.1324308442091538,0.17759855065615687
1,373,0.3101650685462994,0.29862416735129516,0.030733482415583248,0.08248974284994404,0.11736670426292939,0.16062083457394882
1,374,0.3063035135408041,0.2812695023602176,0.03333417091082911,0.08998743554691084,0.11203005813049365,0.1770753195107447
1,375,0.2940638153503239,0.2904628299443483,0.0290310999683495,0.0894214403889879,0.13032400629311322,0.16669680805487708
1,376,0.27656191508679534,0.298118741177467,0.028358829487438692,0.0969007128588441,0.1357258444214601,0.16433395696799472
1,377,0.28923194567495597,0.2721957525742165,0.03260239578079768,0.0948297642100604,0.12915863638613528,0.18198150537383412
1,378,0.3009593976462854,0.3019379871070623,0.029363115003153934,0.08802022107077961,0.11185244964098254,0.16786682953173615
1,379,0.2903545207841308,0.31272753912497725,0.03144308475970658,0.07875949698851643,0.11261910088735617,0.17409625745531282
1,380,0.28791817910517525,0.2830434933346237,0.03015490999060017,0.08923594829273508,0.13347329968210203,0.1761741695947637
1,381,0.27823813458028873,0.2972862208144321,0.03244119991779898,0.08094356997300924,0.12836173558404917,0.1827291391304218
1,382,0.3011500645929838,0.27155642626889154,0.028784605484252553,0.0914301484860059,0.12425033267558426,0.18282842249228204
1,383,0.304962599328891,0.28898257734581295,0.03222928646117304,0.09271968721591134,0.11998622347965505,0.16111962616855663
1,384,0.3000396475544853,0.2942421782093739,0.030063024844265297,0.09094119333537812,0.13116593253095224,0.1535480235255452
1,385,0.29601827170096473,0.2939985895329741,0.032147219658535925,0.08559485464110804,0.12348166268924468,0.16875940177717247
1,386,0.2771422919457892,0.2943802811153444,0.029962637619347008,0.09232574913778367,0.13297538943652784,0.1732136507452079
1,387,0.29395117091773704,0.30814296907501176,0.030350841643372633,0.0795744665042237,0.11543013630814923,0.1725504155515057
1,388,0.3089468249397751,0.2847358251918629,0.029282631721718452,0.08093353563066902,0.13369002759563658,0.16241115492033795
1,389,0.2882111493350582,0.2854231226430873,0.030226261527530246,0.09135922802304478,0.12951447041590713,0.1752657680553723
1,390,0.31594400779005694,0.2854255179859673,0.027307525782568315,0.09010605430574996,0.11654311658927877,0.16467377754637866
1,391,0.3188339233862104,0.29624930530326765,0.030228319635177612,0.08258071980244241,0.11551313516695198,0.15659459670594994
1,392,0.27303197183275174,0.2983099415003522,0.03274177067637328,0.09457136198712122,0.11848903973351,0.18285591426989162
1,393,0.3117394702240696,0.31029303194460595,0.02711176230526639,0.08044428758717062,0.11311125107970971,0.1573001968591778
1,394,0.2977443929033967,0.2800420701839133,0.03294979674094781,0.08252152309798161,0.12372182102839148,0.1830203960453691
1,395,0.27443343085749083,0.30809199925663633,0.028845561922326464,0.09803073870704279,0.12309761929041858,0.167500649966085
1,396,0.2801458085012208,0.2835118949401519,0.03434368543469649,0.09096101023042233,0.13705399645413735,0.17398360443937114
1,397,0.29732302851001796,0.3069181383908477,0.02980893852764644,0.09023443335017303,0.11176356286312444,0.16395189835819043
1,398,0.27789117084355164,0.3173135907178636,0.029115068850628218,0.08706963688396978,0.11924501820906654,0.16936551449492024
1,399,0.31319310935067646,0.2797061883170039,0.030199774038148747,0.09293895093925156,0.1279834478795299,0.1559785294753894
1,400,0.27493784866415455,0.29460866657495643,0.028665029094456708,0.09460051032885675,0.1315408325260502,0.17564711281152537
1,401,0.28288853421320964,0.30557511392893616,0.03291433298037545,0.08685592540479133,0.12707250383753174,0.16469358963515568
1,402,0.30588060955274765,0.3040327733881099,0.030425978766981623,0.07620875857648521,0.12046912035079714,0.1629827593648784
1,403,0.30524719499961145,0.3060544243203713,0.03076075932153665,0.08581192260469138,0.11970216224152666,0.1524235365122626
1,404,0.29447239464891944,0.29556893280735125,0.03025891364852089,0.09587057875707036,0.12089356053113874,0.1629356196069993
1,405,0.29960540636058536,0.3010852378554765,0.027393131378580456,0.0900884447549363,0.11486595129285997,0.16696182835756151
1,406,0.2678260383326638,0.31620686245613183,0.029668433074542068,0.08906246478834627,0.13085320153837243,0.16638299980994362
1,407,0.27330160148506405,0.2953104826928043,0.031076703338573992,0.0928113705364099,0.13080252579416982,0.1766973161529779
1,408,0.32277507061748867,0.27040675949483844,0.03190098041053304,0.09196133742844485,0.11384686613201961,0.16910898591667536
1,409,0.29189271294482777,0.31233863062512296,0.028084352018137373,0.08186652209991281,0.12305874570920879,0.16275903660279029
1,410,0.28801111252346917,0.30580874420771775,0.02959062763232369,0.08937910222715814,0.12161181346634281,0.16559859994298848
1,411,0.2732917294205313,0.32078678266418,0.031664399832816846,0.08908816217899655,0.12205563967995856,0.16311328622351665
1,412,0.3030789778119047,0.2985953106650459,0.03074756623673712,0.08205654247337428,0.12650746433134658,0.15901413848159138
1,413,0.3033840140600099,0.28277071363374684,0.03269096944289029,0.09408730451961182,0.11756656635552097,0.16950043198822012
1,414,0.28468403138462484,0.2964927663352227,0.03345718191745731,0.08190122015510959,0.1276601217612486,0.17580467844633696
1,415,0.2741607477758565,0.31209244037242084,0.029527410570879035,0.09393166111470845,0.130654059394806,0.15963368077132922
1,416,0.3084836316271516,0.2951462986193559,0.03013022032264727,0.07942061547468611,0.12769088917166485,0.15912834478449422
1,417,0.2860540853926795,0.2943268556718143,0.03099685079098416,0.09433970851712457,0.1264761944469656,0.16780630518043185
1,418,0.3131464549250053,0.27112360131638785,0.030370551536809513,0.0951841310344959,0.12245208400358594,0.16772317718371543
1,419,0.28822675419940263,0.2869671064597727,0.03520815879052323,0.0951290530887741,0.11915818279592083,0.17531074466560653
1,420,0.30615009525340414,0.26561201462373935,0.0311261115906682,0.09194208335932245,0.1272845394187899,0.1778851557540759
1,421,0.3152612684914221,0.284718616843143,0.03190270498673164,0.09367962728331226,0.11270536274402639,0.16173241965136467
1,422,0.299622131980142,0.30613995967651053,0.029585808908800217,0.07664055535640266,0.11489040926975123,0.17312113480839325
1,423,0.29200123321250765,0.31487413301068634,0.031005730024388427,0.0815545488616883,0.1142786125433742,0.16628574234735513
1,424,0.2794380833900428,0.31220735008451556,0.029610408150972434,0.09323347053441763,0.12133109413010744,0.16417959370994417
1,425,0.27998781497568065,0.2879436795441605,0.03427842716990064,0.0878647114779961,0.12434451990850105,0.18558084692376103
1,426,0.29116405474260576,0.28808369127497097,0.03322340102733923,0.08454444426182099,0.12072209455528837,0.1822623141379747
1,427,0.3084232229931785,0.3020309683081939,0.0277791367677642,0.07806054516955614,0.11346905531898319,0.17023707144232406
1,428,0.3067614567059117,0.28913448979126954,0.03033383477048345,0.0857964589835842,0.12115979034857605,0.16681396940017512
1,429,0.28131698207062616,0.29704371965635884,0.0346228543566727,0.08423927811717617,0.12216813145939416,0.180609034339772
1,430,0.31431573656313383,0.27786418082764835,0.03287861167509004,0.09293914514194604,0.1297785774313207,0.15222374836086103
1,431,0.2907636654843485,0.28800295024135913,0.03252432801704436,0.09449629904808948,0.13303531949617767,0.16117743771298088
1,432,0.2884374598200431,0.31159547822783656,0.03154792605293455,0.08618331976532366,0.1280967125512462,0.15413910358261598
1,433,0.2735327698783491,0.30005583343151565,0.031536666084273864,0.08278449736121972,0.13342733925774874,0.17866289398689297
1,434,0.29704402601386387,0.29000465407336834,0.02850498494240538,0.08352323708766932,0.12241111435799248,0.1785119835247006
1,435,0.2888362792020678,0.2953893678593918,0.033786221989568786,0.08859495511221106,0.11598354071367462,0.1774096351230859
1,436,0.2703404398492337,0.3101065223812093,0.03133560814578826,0.08428828022366454,0.13065697479424462,0.1732721746058595
1,437,0.27510992224386727,0.3003442240114305,0.029349939134404424,0.08948481637153756,0.12470147468124664,0.1810096235575136
1,438,0.2965384987718853,0.2831941904807903,0.02762506722558908,0.09386525467381505,0.13037163634771484,0.16840535250020547
1,439,0.3091664244314503,0.28134304673711197,0.03167724575160004,0.08735901207019595,0.1166570153957618,0.17379725561387988
1,440,0.31033251794155137,0.2859528224498729,0.03457061822820062,0.08923262910985251,0.1181011337524372,0.16181027851808538
1,441,0.3069485881238509,0.2849332922480939,0.03324445410363674,0.08641984091818498,0.12821132500792545,0.1602424995983081
1,442,0.32222912426599687,0.2673611268311126,0.030821246902558157,0.0796875306538277,0.13298420674270497,0.16691676460379964
1,443,0.31254313298814634,0.2721661410472668,0.02818680536830159,0.0840536997334081,0.12695047173095939,0.17609974913191773
1,444,0.2698186310928443,0.32486753753314174,0.032022539306030766,0.09317217923541568,0.11681292060866952,0.163306192223898
1,445,0.31628795344066385,0.3011584507424867,0.02765159934379279,0.07924637057811762,0.11844977437393331,0.15720585152100577
1,446,0.2906588518055917,0.2987306670043844,0.033331860416984944,0.09091283703117771,0.12790614381161422,0.15845963993024706
1,447,0.2750430090805469,0.3028667142652745,0.0318621742438062,0.09758673233574987,0.1168532444980314,0.17578812557659115
1,448,0.26776283602761863,0.3134670231955559,0.03256817398023091,0.08389643659407921,0.1308128955014009,0.1714926347011144
1,449,0.29953650624227185,0.29774023107442693,0.030487419640440293,0.08835347001987776,0.12824643447726772,0.15563593854571536
1,450,0.30928433218624674,0.29700119441412537,0.028196124253422775,0.08650303807465681,0.1273800859988374,0.15163522507271082
1,451,0.28051597724856264,0.29789361651771656,0.03315897410664588,0.08860413842478172,0.13012656238395962,0.16970073131833363
1,452,0.27125579597603583,0.3082323525569505,0.029071228828218505,0.09494224397225512,0.11763424919492299,0.17886412947161703
1,453,0.2788972093280469,0.2828134417987917,0.029998371471927285,0.09915622697607308,0.1383910309691223,0.17074371945603872
1,454,0.2761903862438896,0.30733549691020456,0.030436462880754328,0.08772184238769339,0.13341325783597674,0.16490255374148138
1,455,0.2754974750860136,0.30053203926027017,0.030704957044915916,0.09501416304543737,0.11691601788198333,0.1813353476813796
1,456,0.31203765982409704,0.28725751884813144,0.03270445324199753,0.08885597885817649,0.11757119336813185,0.16157319585946578
1,457,0.30758019842803425,0.29569391311927545,0.03009818988615682,0.08120851448126018,0.1258649235943975,0.1595542604908759
1,458,0.3076666505379294,0.27607930161082306,0.029948122042871454,0.0839923822824395,0.13259169692240544,0.16972184660353112
1,459,0.3133415219147782,0.29328353800741513,0.032209647679488286,0.09355464134607898,0.1123681423817088,0.15524250867053052
1,460,0.29498292401242937,0.2836411478936221,0.03574367550904213,0.10102610919374774,0.11914649410980824,0.16545964928135046
1,461,0.28577311861507654,0.29746904916786765,0.03614020626741209,0.0866282153601623,0.12626648410953809,0.1677229264799433
1,462,0.26871885647557836,0.30789716381389876,0.029201731974748443,0.0835507121945398,0.13249175338917,0.1781397821520647
1,463,0.30500637953683085,0.2808414757576841,0.02985331244988328,0.09415740463597433,0.12323201840240622,0.16690940921722114
1,464,0.2969330404695219,0.2892248272422315,0.03036095661428705,0.0859524953641034,0.11572064688423243,0.18180803342562385
1,465,0.31057951234746556,0.278029966361212,0.03354722570068136,0.09228970633727956,0.12547531654229824,0.16007827271106326
1,466,0.28737297129730505,0.3076325439776629,0.031049168581242494,0.09188041060448529,0.12446054572256761,0.1576043598167367
1,467,0.2900617003681419,0.2970267456819646,0.034367081722456914,0.0908820813580441,0.12090027993043057,0.166762110938962
1,468,0.29674760925453664,0.2937394618117255,0.030232993488076034,0.07835224152579343,0.13091218915976172,0.1700155047601066
1,469,0.3068639659904686,0.2858471739961247,0.03270155971687285,0.08321696622278195,0.11386539460579258,0.17750493946795928
1,470,0.2801456690114108,0.3095736496958445,0.03194519869783075,0.08542475725813119,0.1140398031633658,0.17887092217341702
1,471,0.3021580351501967,0.29026684906912736,0.029384502219188206,0.08972414499428182,0.12656946355524826,0.16189700501195775
1,472,0.3044925470387507,0.3026931403652412,0.03276280973472018,0.07889040026272497,0.12717228440841236,0.15398881819015053
1,473,0.3069188016611126,0.268036675180286,0.028902311789910862,0.08344244905360249,0.13266378363748843,0.1800359786775996
1,474,0.27439014000415207,0.29385611077592255,0.03263403129221475,0.09583601524992737,0.1348623737442436,0.16842132893353978
1,475,0.2775153080855429,0.3151748050263023,0.02822674433715356,0.09053998049380699,0.12484766188482975,0.16369550017236448
1,476,0.30966231515259396,0.2700230550122241,0.02968165105563443,0.09626044470714677,0.12027432098853108,0.1740982130838697
1,477,0.27374084007355,0.29988047716818295,0.02939677602342536,0.08592182614851944,0.13159408091759292,0.17946599966872925
1,478,0.31608770742383113,0.2694097578087304,0.02802747962846599,0.08426327088146102,0.13316318083872042,0.169048603418791
1,479,0.300095237714152,0.27924194496154575,0.027993569141672628,0.09020359213471543,0.12803562094452822,0.174430035103386
1,480,0.3047767788711311,0.2714821289826049,0.028819092921622675,0.09346234047109313,0.1220144837925733,0.17944517496097495
1,481,0.29034582214684823,0.29169457453977227,0.028293819461197817,0.09141996018784283,0.1241634823995992,0.1740823412647397
1,482,0.2778628779374157,0.28088543163239493,0.029956837509156925,0.09545165186376131,0.13140457058997002,0.18443863046730102
1,483,0.3147242793646484,0.29128740445616813,0.02975329655372726,0.09370028892140714,0.11653235764122459,0.15400237306282455
1,484,0.26610798864305835,0.311885168660612,0.03289864554291273,0.08244366071108994,0.12878933611220872,0.17787520033011822
1,485,0.30514502418680367,0.2704561845861525,0.030417627159564725,0.09469507221681307,0.13288195083253926,0.16640414101812684
1,486,0.28890607693911224,0.28391488930972936,0.03377527198043055,0.09485002095174956,0.12266704253776062,0.17588669828121764
1,487,0.27610492112194657,0.3087254897476892,0.03134036852592997,0.08124022295040466,0.12690836157300556,0.17568063608102408
1,488,0.31599356010817004,0.28770194558275125,0.030731769093015747,0.08700562864420087,0.11644686513523726,0.1621202314366248
1,489,0.2903748536054014,0.29720830853114705,0.026645087900084154,0.08319743019181736,0.1287930519320059,0.17378126783954423
1,490,0.31112581957289254,0.2884130146535661,0.02777887163581018,0.08318899509244151,0.11002287346339125,0.17947042558189835
1,491,0.30443818044289706,0.3066224495173485,0.030638936511134977,0.07688516116972496,0.10813555044947758,0.17327972190941698
1,492,0.29512135418090707,0.30525983718154004,0.029021024989660048,0.08617365081441825,0.1135967115436561,0.1708274212898186
1,493,0.30224719992197074,0.3031962893840064,0.03142409811147533,0.08056110405416401,0.12001132211625112,0.16255998641213235
1,494,0.28839892465987593,0.3157407964274478,0.02722385731846275,0.08193280541451547,0.1319595286824765,0.15474408749722152
1,495,0.2931391264262428,0.2735442735420595,0.028041859509509763,0.09115471231557709,0.12854343674708252,0.18557659145952837
1,496,0.3084412380645785,0.2814639393780775,0.02909894084171544,0.08880983759870137,0.1300135126743819,0.16217253144254534
1,497,0.285358798216646,0.2854040771413304,0.029508377359930626,0.09038690116968365,0.1397620012443454,0.1695798448680639
1,498,0.30559359881539716,0.3040682261700239,0.030200959547389394,0.07591303053935075,0.11243142691059518,0.17179275801724359
1,499,0.3173948864896288,0.27543270776920237,0.02764707130500726,0.08791518497900794,0.12484531430493673,0.16676483515221693
1,500,0.28348370306372667,0.3138394472722393,0.027617431862098214,0.08955580770699956,0.11574731030549887,0.16975629978943743
1,501,0.2820919593965761,0.3010223781164037,0.03183099548586705,0.08649490997675988,0.13010061518544244,0.16845914183895086
1,502,0.2947069347548541,0.31381441713933644,0.027936284953216702,0.08140340271290399,0.1306137718974747,0.15152518854221408
1,503,0.3142718978333132,0.2733954052686589,0.0334317730523825,0.08332270936959854,0.13577043061186483,0.15980778386418196
1,504,0.28765522442117636,0.31652538730724566,0.03159052695510743,0.08280413397190278,0.11792510162775016,0.1634996257168176
1,505,0.28576738853098743,0.2819566772612638,0.033709661245254874,0.09912332300690664,0.1277007621850574,0.17174218777052988
1,506,0.26835486455353624,0.30592021503163014,0.03213968613174644,0.09088189310346305,0.12632594920337714,0.17637739197624705
1,507,0.2765302830151008,0.2814009464825588,0.034738857518154906,0.09286288064653309,0.1404108192305454,0.17405621310710706
1,508,0.2815736749656638,0.3050242560489067,0.03272600208094192,0.08970756292395822,0.11317695102748808,0.17779155295304117
1,509,0.27634606364395287,0.2793172997264599,0.03383586375657954,0.09575807916587013,0.1365272304393138,0.17821546326782373
1,510,0.30667587964178133,0.27675248627601656,0.02889101767935502,0.09318514234801036,0.13217009855543013,0.16232537549940668
1,511,0.283257195208757,0.2869286299188749,0.03158563482539409,0.09790775675297696,0.11961707543209744,0.1807037078618996
1,512,0.2864467457419219,0.28346503368632187,0.030423803068576054,0.09044354928418752,0.14260616036257082,0.16661470785642185
1,513,0.29106714548711377,0.3002271617563412,0.0294599472299279,0.09135768510090493,0.1323910728059252,0.15549698761978703
1,514,0.2954177194291732,0.2793369515223317,0.030641081897498246,0.09514830530047046,0.11433327869058786,0.18512266315993858
1,515,0.2747240781009869,0.2947196447009942,0.03211989048303948,0.09160085959165504,0.1255530044834373,0.18128252263988695
1,516,0.2826412797268044,0.31578855422322333,0.029123653406757186,0.08872943035218687,0.1250939910387575,0.15862309125227073
1,517,0.28465842742465014,0.29895359565692925,0.03147422830575073,0.0933497660937974,0.12816248287508689,0.16340149964378567
1,518,0.30338055852400214,0.2930259329360248,0.028004759192861245,0.0835760726273397,0.11753769878607347,0.1744749779336987
1,519,0.26339677299150865,0.299956877704628,0.03166290907522993,0.09581246963487428,0.12638940674048263,0.1827815638532766
1,520,0.3001432999530225,0.293067403411735,0.031339139458400014,0.08809750372900987,0.12134760204984602,0.1660050513979866
1,521,0.297678217697517,0.2920501952908941,0.0290707481607092,0.09282091875072884,0.12235106714528976,0.16602885295486108
1,522,0.2952116438239585,0.28311960324745866,0.03312358776785846,0.0848489683638277,0.13436357265302018,0.16933262414387656
1,523,0.30003996162210333,0.29052581804155,0.02788288949693385,0.09225519414468304,0.12589181962533322,0.16340431706939654
1,524,0.3219152427450406,0.2720441940357842,0.032936054436964436,0.08129998259493966,0.1362677999795715,0.15553672620769957
1,525,0.288904913130419,0.2952444828229003,0.03269832736094006,0.08345036399912183,0.12734744730346956,0.17235446538314936
1,526,0.2763954212155016,0.30323353210762993,0.029651906848832336,0.095104238074377,0.1376472872842214,0.15796761446943774
1,527,0.29443119990428807,0.2783608140714697,0.03230751469682589,0.08488419522869205,0.1216139184208155,0.18840235767790878
1,528,0.2893619659545654,0.27696698162957967,0.02795771988430271,0.0917903352450038,0.13360235027020265,0.18032064701634568
1,529,0.3116107764280348,0.28520362389610787,0.032871874417027706,0.08174163089719,0.11043539089496532,0.17813670346667426
1,530,0.29654891001130534,0.2981361930773565,0.03144492530401687,0.07864802090406808,0.12844175852357748,0.16678019217967574
1,531,0.29394001614689946,0.3046990131733493,0.0300614881752827,0.088360109091798,0.12984753532654603,0.15309183808612462
1,532,0.27458153115124134,0.29794226929065365,0.029038250723069908,0.09350595972237015,0.1222714427300738,0.18266054638259113
1,533,0.28327733665285637,0.3037738288308203,0.027774431443925326,0.0927935210015576,0.12912085046612398,0.16326003160471644
1,534,0.3118230011948034,0.28998336349852705,0.030626314964516697,0.09641747392908233,0.11541442785545351,0.15573541855761697
1,535,0.2855273563826259,0.3100371211264458,0.03202201747717977,0.08606359392139543,0.12072355812843161,0.16562635296392153
1,536,0.2777049905852794,0.2981517583208228,0.032218217538635956,0.08946779243089951,0.12742335734246743,0.17503388378189488
1,537,0.2819912573364846,0.2878111966919873,0.03308390009507794,0.1001665282855426,0.1267765374309752,0.1701705801599323
1,538,0.2842806979520382,0.2859573249111282,0.03381157875720157,0.09330717223785692,0.1297819214657415,0.1728613046760337
1,539,0.30419183825949775,0.3114603571035562,0.027323348499224166,0.08519191914461649,0.11601792253344922,0.15581461445965614
1,540,0.2861233980600993,0.29741238069724246,0.03207506437031251,0.08911135172595258,0.12242275410949881,0.17285505103689436
1,541,0.28359343698764555,0.3127257710749495,0.03195214316739187,0.08764377235599619,0.11928412999700286,0.16480074641701406
1,542,0.29808335947101794,0.3068424952755678,0.0332964915748381,0.08387229840984002,0.11640553032823375,0.1614998249405024
1,543,0.2972724104873446,0.29280947667241836,0.03335553859141184,0.09444015290631237,0.11698678447482752,0.16513563686768534
1,544,0.2797286453028996,0.2994279754939283,0.02916240616353023,0.0920896538774091,0.11294816894110489,0.18664315022112785
1,545,0.2784899075764796,0.28788485087394416,0.031966905807382734,0.09584307690141844,0.12964000504896217,0.1761752537918128
1,546,0.2713889590207988,0.3189460036526264,0.029813954435952042,0.08778158725269306,0.12118267942899548,0.17088681620893426
1,547,0.28347110962087896,0.2771268999154582,0.028018851205085796,0.09593131905484605,0.13176576207822172,0.1836860581255093
1,548,0.2916754366772343,0.2918989306095916,0.030448240331118374,0.08636005575915504,0.12730084921565984,0.17231648740724087
1,549,0.27350611968909616,0.3174340687042074,0.029243142333963267,0.08642420430297985,0.12213812161128036,0.1712543433584731
1,550,0.29778020081497397,0.2797947914534102,0.03405651863072973,0.09369182572566205,0.13775501373887225,0.15692164963635172
1,551,0.2958159435963497,0.2923757656314198,0.028683888116630748,0.08569583122441292,0.12365382542080497,0.17377474601038184
1,552,0.30014821614606757,0.28505096367661087,0.027594495287315408,0.09353733894170778,0.1238502501437154,0.16981873580458312
1,553,0.2749477388141203,0.3206598416803371,0.028609092214731787,0.08216919146954038,0.13105547548575222,0.16255866033551813
1,554,0.3055737530266019,0.26897581010321703,0.029869333449999338,0.09259004815876493,0.12437065869888082,0.17862039656253598
1,555,0.3085783259805159,0.28598336477653613,0.030196580832682045,0.07976277557222844,0.11890385317711231,0.1765750996609251
1,556,0.317389711071724,0.2699880844377903,0.030000491501794554,0.08377766738208055,0.11642490137570025,0.18241914423091027
1,557,0.311149670964066,0.2733105360790705,0.0332407936153538,0.08334629024226974,0.1272218880794188,0.17173082101982115
1,558,0.32166106247670073,0.2686323325342129,0.028997156133534655,0.09163206321015453,0.13211346574092486,0.15696391990447228
1,559,0.2948565130370335,0.29963035789342424,0.03128551499837298,0.08042260008665116,0.12118483695411338,0.17262017703040475
1,560,0.29744517709785306,0.2841835647263329,0.028194516606382402,0.08325762753531096,0.13133733889776486,0.17558177513635584
1,561,0.2994524589732772,0.30564478648824384,0.031089116359421885,0.0813683968096479,0.12051786841382331,0.1619273729555859
1,562,0.2950613805774984,0.30761163436454086,0.03214615249281026,0.07911263430528157,0.1110690975735469,0.17499910068632205
1,563,0.29129024229896444,0.29370001086282554,0.03209187892245148,0.08473905149590083,0.12887443051993153,0.16930438589992622
1,564,0.30828671585297374,0.2862136669047599,0.02866383390633096,0.09382402995944455,0.1217440367428888,0.16126771663360204
1,565,0.3055324911982136,0.3061605791743189,0.02795528615144452,0.07878552127831923,0.11856294931441999,0.16300317288328378
1,566,0.27299321702032825,0.2918951679155609,0.033667160713601624,0.0941631697981273,0.13443856213656483,0.17284272241581708
1,567,0.30427474147624267,0.2853655609810123,0.02820114069833249,0.09155418905374957,0.11549246428757635,0.17511190350308656
1,568,0.30533617288509796,0.2826543091363467,0.0337911706179236,0.09021877205050242,0.1137317144829646,0.17426786082716475
1,569,0.31712961126309397,0.27276768780998145,0.033286591835755726,0.08344089322521472,0.1150441796951597,0.1783310361707944
1,570,0.285452143096373,0.2974201433244697,0.03344513394439457,0.09022352649184202,0.13073367427749155,0.16272537886542904
1,571,0.3018540598354702,0.2946133049626208,0.02836776785319784,0.08046342247686514,0.12427545870595749,0.1704259861658886
1,572,0.28169435293284745,0.3016478786340219,0.03370718134211916,0.08359713878445542,0.11572846130875063,0.1836249869978054
1,573,0.2930500841383548,0.30602333854876373,0.02976095553960973,0.08671648669970869,0.12204151043662897,0.1624076246369341
1,574,0.30056202528109977,0.3148072000076017,0.028633187226513316,0.08238307107057999,0.11518078141899786,0.15843373499520735
1,575,0.27976397634764755,0.30884506806968764,0.032488444110243854,0.08960513174877233,0.11547022794365915,0.1738271517799895
1,576,0.29439487385389035,0.3031483682489946,0.02985859894166044,0.08592178106193965,0.12119654694690754,0.16547983094660743
1,577,0.2928182524392882,0.29914860185515374,0.029958602753217437,0.08742468986070553,0.11970829126800549,0.1709415618236296
1,578,0.28983580243922025,0.2847079210448939,0.03029454185554981,0.09708414189515104,0.13060707376530725,0.16747051899987786
1,579,0.302703434564723,0.3015471029951105,0.02860527681265408,0.09241387276455196,0.11100080858276175,0.16372950428019872
1,580,0.28721427350693357,0.2927123960939036,0.029589452416722953,0.0915445695057377,0.12345660079621222,0.17548270768049004
1,581,0.29407513529427615,0.28217186370275993,0.02975346032029495,0.09210783728034466,0.1321139026631209,0.16977780073920334
1,582,0.28546278177607903,0.2780310336423147,0.03273014374894987,0.09904423812355961,0.11624039217664031,0.18849141053245647
1,583,0.26647045771363564,0.3187527608103428,0.030214153350397677,0.09649450303600021,0.119326791856941,0.16874133323268276
1,584,0.3027868102537218,0.2749652234258427,0.028863775968811244,0.09782189245464062,0.12160409280162875,0.17395820509535495
1,585,0.29544013691391036,0.2914948447257876,0.03271925221564907,0.09267629453823807,0.12415824727219803,0.1635112243342168
1,586,0.2785624924903661,0.310974826665938,0.031177274848482175,0.09167298110224054,0.11695979531518005,0.17065262957779306
1,587,0.2783475780372595,0.29042128279270324,0.03254890874795629,0.08135983011437534,0.13174277251940675,0.1855796277882988
1,588,0.3162885581595199,0.27805138670263657,0.029406825105128955,0.08817044510004834,0.11560363495829308,0.17247914997437314
1,589,0.307714472603111,0.2818317267015077,0.029268975480461656,0.09342209962631877,0.11359378356627318,0.1741689420223277
1,590,0.3064858231290421,0.27749224000257683,0.0326887413079148,0.09298068533875588,0.12028231249014833,0.17007019773156204
1,591,0.2722586696841499,0.32319917645501944,0.0341717832989076,0.09007519807294041,0.11820063475032899,0.1620945377386536
1,592,0.3059443961240458,0.2938026868898621,0.029486046143271487,0.08524115267028426,0.11203632951780447,0.17348938865473196
1,593,0.28294145540614934,0.30068241351408165,0.03299558785579878,0.08888366384583793,0.13397058949739685,0.16052628988073533
1,594,0.28064845568343577,0.30035192908106,0.028199897845418737,0.0821770014984745,0.1307986886652952,0.17782402722631577
1,595,0.3062790422290944,0.2936944163819407,0.030191567398551517,0.08429009162979935,0.11149430056803701,0.17405058179257704
1,596,0.28386644588777404,0.31430385335440014,0.03149712823377653,0.08373805246559173,0.13163900496034447,0.1549555150981131
1,597,0.3067781046088196,0.29359501108772873,0.027602635024135225,0.09065469270443798,0.10742535131725889,0.17394420525761958
1,598,0.2992250402035147,0.2830339003954775,0.029244651482371233,0.08869207207850399,0.12244576901026726,0.17735856682986545
1,599,0.30700802595920434,0.303034463132161,0.0324566168331592,0.08555599944964098,0.11295292584449672,0.15899196878133776
1,600,0.2874623574342679,0.3202783119662746,0.03115844261032221,0.08130965226847907,0.12597046354023106,0.1538207721804251
1,601,0.3152184421633548,0.2760358238513156,0.028153989157574954,0.08912583835012781,0.13195216449117184,0.15951374198645488
1,602,0.305610459702795,0.29017728550354654,0.0298205056729806,0.08920896990182682,0.1121975529343403,0.17298522628451077
1,603,0.28587705176533373,0.2883212552976833,0.028714938488394393,0.0957537557369256,0.1282327626586954,0.17310023605296765
1,604,0.2831326240250602,0.31065412382180535,0.029564590573827532,0.0825638016576351,0.1223649574599611,0.1717199024617107
1,605,0.30056425734726366,0.29657308897331147,0.032954274223881884,0.08672778762239204,0.11505530835124536,0.16812528348190553
1,606,0.30313741392549604,0.2821555238784547,0.029426822045632788,0.08464760009691011,0.13284134278906154,0.16779129726444475
1,607,0.2750506448489225,0.317377152462356,0.033109184944858094,0.09601627122300495,0.125028265420586,0.15341848110027242
1,608,0.30772858569471173,0.27248513931319585,0.031037720344752863,0.08921629535572748,0.1365025873412101,0.16302967195040197
1,609,0.2941139518166002,0.29752131201639814,0.02735862243864615,0.09044381776625295,0.12379343780162759,0.16676885816047493
1,610,0.309608426297101,0.2795303477762686,0.02839891256836448,0.08628450467381123,0.13123860308453894,0.16493920559991568
1,611,0.28776264514733085,0.29935943811848714,0.03137247816529824,0.09460781371790851,0.12113724205598421,0.16576038279499108
1,612,0.27437201880980294,0.2933756767094148,0.030316790532904054,0.09193324658618243,0.1283870247226434,0.18161524263905232
1,613,0.2965116795950286,0.3057657048420822,0.027407933336296642,0.08376081934101749,0.11153846719109382,0.17501539569448127
1,614,0.3087551209001196,0.2759605833476311,0.029266281111303655,0.09003451292670606,0.11817403412106031,0.17780946759317934
1,615,0.3151139115329756,0.2870771214419816,0.0333942850447975,0.08402323638868975,0.12005145518373875,0.16033999040781682
1,616,0.2911005341131067,0.281296574273084,0.02894925644234884,0.08360489140754962,0.1324764302279656,0.18257231353594514
1,617,0.2725421094144716,0.3169366179149215,0.03210704043273199,0.08801324789998621,0.12281404879964651,0.1675869355382422
1,618,0.31286035404625734,0.27146980673353965,0.02911567575053965,0.08208079584605747,0.12850737853046773,0.17596598909313815
1,619,0.2868953139215726,0.31292079269278833,0.034608843626961656,0.08526247489323643,0.11953936143683133,0.16077321342860962
1,620,0.29768981151407464,0.28427641094811046,0.03206147828701843,0.08225560096648686,0.1267758385738579,0.17694085971045176
1,621,0.28356740960452553,0.2976282288536046,0.0303779324836267,0.09564753246164993,0.12816558568995973,0.16461331090663345
1,622,0.30684606928441954,0.29382073040650236,0.029489713293959028,0.07741222245603309,0.11931968335577747,0.17311158120330844
1,623,0.3055801767574368,0.2726605206167299,0.028504152352354595,0.09348977510378921,0.12950021353251204,0.17026516163717736
1,624,0.3079332881838958,0.2810241047715886,0.03172275555759647,0.0881639659323077,0.1289058729537205,0.1622500126008909
1,625,0.27603054129374605,0.31034987037937856,0.0274927148853728,0.08899347985762422,0.11525653140816931,0.18187686217570898
1,626,0.28241204779378404,0.28532935790694264,0.030684992198328053,0.09331292790586267,0.12835871810081556,0.17990195609426704
1,627,0.31076542996676815,0.26463156094352613,0.030541428191886908,0.08692953503953084,0.12849510772860437,0.17863693812968354
1,628,0.29709106866080504,0.2860198531128815,0.031173678180761152,0.08751183252827684,0.12300010179844084,0.17520346571883472
1,629,0.29410170950206216,0.30270498304561777,0.03109821086178788,0.0826629156969027,0.12599719948058183,0.16343498141304763
1,630,0.2910408184351707,0.3247166108079609,0.02775682514914113,0.08612467503683957,0.11435834695456835,0.15600272361631934
1,631,0.28692247703490886,0.2849137773383985,0.03486101628725672,0.09019951201819189,0.13072557498457832,0.17237764233666575
1,632,0.30828714768600085,0.2773175729751793,0.0341116539209892,0.08891301908752434,0.13042056352622022,0.160950042804086
1,633,0.27511082176197943,0.31727683600532747,0.028562761254326302,0.09125190699059754,0.11968777639983914,0.16810989758793007
1,634,0.3033434147961592,0.2832942800333575,0.028772090243865577,0.08075490691625088,0.12293410624057237,0.18090120176979452
1,635,0.31489666219684465,0.2741569760280432,0.03233817730698362,0.08675082885192802,0.1132619037001079,0.17859545191609263
1,636,0.28784260453370636,0.30029198985817784,0.028530800275127294,0.08008500705663289,0.1221737845290277,0.1810758137473279
1,637,0.28725070839440137,0.30095180730356,0.0294901988867932,0.0831026457972931,0.12369095288876193,0.17551368672919035
1,638,0.28757839647192607,0.2877952694908629,0.03473409323025478,0.08466724749057393,0.13504646325092035,0.17017853006546188
1,639,0.30459512335407196,0.27125957770297654,0.030504574371643892,0.08985764472996137,0.13075790715515045,0.17302517268619577
1,640,0.28888295755929566,0.30155681129126427,0.03094949198937222,0.08580480004287389,0.12221941861833487,0.17058652049885908
1,641,0.2860585261700581,0.3075028030643826,0.032671873678598404,0.08869544076608438,0.12017952038349057,0.1648918359373859
1,642,0.3048242848978396,0.2845072491949253,0.029209985202849943,0.0820627687619651,0.12759092536381567,0.17180478657860432
1,643,0.308560865811692,0.28886183545242006,0.0288826735622543,0.08465921116163712,0.12595992451246574,0.16307548949953066
1,644,0.2659613840043796,0.31388940349791306,0.029721070729679614,0.09362471079428661,0.11341634628845056,0.18338708468529052
1,645,0.28803274179232174,0.28244570956037707,0.029392323514538053,0.08808630043441512,0.13045066565931926,0.18159225903902876
1,646,0.27465736276044467,0.30313313764602084,0.03212411193941239,0.09001848810580268,0.12538287069244444,0.17468402885587495
1,647,0.31072666657698084,0.29366052750874794,0.03316770453446242,0.0822775170927659,0.11241672984884853,0.16775085443819443
1,648,0.28727607492852403,0.2992270110328006,0.029131281813603287,0.09015477360237523,0.12255775796031783,0.1716531006623791
1,649,0.2833691185917651,0.2993235411225672,0.029854045731863493,0.10037827987327876,0.12524428625172201,0.16183072842880344
1,650,0.31594238488916543,0.2808012656527135,0.027529538674404892,0.08405193679119836,0.1249967029830681,0.16667817100944968
1,651,0.2999492856080543,0.2929647585262314,0.027198317452107428,0.09351545811368947,0.12699996841272934,0.1593722118871882
1,652,0.2738357378029283,0.31463426254454585,0.034325612196795946,0.08390572973126,0.12406764076423446,0.16923101696023543
1,653,0.29019561782179093,0.2967784464482972,0.02828512460306419,0.08022367091784141,0.12547406233503255,0.17904307787397364
1,654,0.2875484704785092,0.29332061100855866,0.03381635952661693,0.09387748745323633,0.13066617607688524,0.16077089545619366
1,655,0.3028444589279624,0.29913225540560445,0.03123239187854665,0.08121724420151741,0.11696123070415627,0.16861241888221284
1,656,0.3061892753120867,0.28755482442325864,0.03164731357284881,0.08149010734720459,0.12595924085593738,0.16715923848866385
1,657,0.2902933178290482,0.28029075158214406,0.033385553734695435,0.09397283143933632,0.13391307730624905,0.16814446810852693
1,658,0.31003304467880693,0.26237167536206407,0.03251798206873311,0.08968271900126434,0.12928185589505622,0.17611272299407527
1,659,0.2928033066190018,0.2996869604333051,0.030072166288422585,0.09413200480023183,0.1257811394686915,0.15752442239034728
1,660,0.31430304092158157,0.27606237155905655,0.029541880647363742,0.09445694227185084,0.1125685312879378,0.1730672333122094
1,661,0.3027336267490506,0.2781177281331634,0.0332363665392218,0.09947994589496074,0.12178041570816062,0.1646519169754429
1,662,0.3009765631405877,0.2944581137224029,0.028025835862093635,0.08546943077543526,0.12575592058224735,0.16531413591723323
1,663,0.30879778672636243,0.2895934953631464,0.030895862528389825,0.08467406794123312,0.12500153487757376,0.1610372525632945
1,664,0.2817270702193028,0.2756202339570362,0.03324512665895422,0.09739159521797586,0.13015723321964617,0.18185874072708474
1,665,0.31553305610886,0.26779737959812433,0.0289820262828577,0.08667930586767386,0.12053977214864223,0.1804684599938418
1,666,0.30478891250057194,0.2874592743583473,0.02881008005051965,0.08880893190604948,0.1297941676876501,0.1603386334968616
1,667,0.3054830551767929,0.3040685419206824,0.027860528004330642,0.08284567794933963,0.12443165594548485,0.15531054100336958
1,668,0.2947191163340829,0.28674233796654475,0.028436544430865452,0.09339889822790697,0.11702149255960916,0.17968161048099077
1,669,0.293848173204983,0.307113376871334,0.02709736349140458,0.07760598487037522,0.1172974898407964,0.17703761172110682
1,670,0.2774154020950521,0.30795920988691683,0.027981217946275713,0.0796223334827268,0.13134646130991257,0.17567537527911592
1,671,0.31393143508861737,0.2822265081096916,0.02953216691097998,0.08465752517930558,0.12503554016520602,0.16461682454619944
1,672,0.2990477361046488,0.3028697088158362,0.029890208414840146,0.09309382124549989,0.11229763708021559,0.1628008883389593
1,673,0.3018387172779278,0.28126171098186126,0.030998851852678175,0.09529893255021066,0.12234882415290066,0.1682529631844215
1,674,0.28998699845398956,0.2853105118263018,0.030275788409610493,0.08595051417268756,0.14305457962774218,0.16542160750966842
1,675,0.2879373708132452,0.3029551455135854,0.028143918538339557,0.08945062376965124,0.11660721791934901,0.17490572344582958
1,676,0.3064562993640578,0.29431150654351945,0.031155097965559427,0.08479375780842477,0.13075018473185684,0.15253315358658168
1,677,0.27506395925901606,0.3068436404356689,0.028533714510691567,0.09862621401172163,0.1236021291961068,0.16733034258679505
1,678,0.29801826617951727,0.27530146371024444,0.031132128198773715,0.09086103864561784,0.13744197266087266,0.16724513060497406
1,679,0.2959567886580282,0.3181171206245583,0.028801055079362793,0.08862309364666775,0.11551679997002808,0.1529851420213549
1,680,0.3112612011480834,0.2683627204348305,0.03135105439590569,0.09499807477792324,0.13080187264368254,0.1632250765995746
1,681,0.28960775427510577,0.2741489093469369,0.028467310737496025,0.09177327675429507,0.136463810269909,0.17953893861625717
1,682,0.27986762193492554,0.3061171470454757,0.030176272921688375,0.08817462840434646,0.12978875193310005,0.16587557776046383
1,683,0.2927180384549852,0.2863337655256031,0.029750046179502783,0.09094555007020932,0.12424604628402988,0.17600655348566976
1,684,0.3092576099432677,0.2853956958267263,0.03038926483128407,0.0834134084274212,0.11808324911529736,0.17346077185600342
1,685,0.29467916667374383,0.3005744598662532,0.02940632968220702,0.08952057351060896,0.11918206602574889,0.16663740424143805
1,686,0.2968842155562519,0.27135206463371153,0.03033426803273895,0.08003516693482014,0.13389625881294942,0.1874980260295281
1,687,0.2799617520190327,0.30428831632427805,0.030851205123901555,0.0894822189406186,0.12354278049198616,0.171873727100183
1,688,0.3092941527865916,0.2861403783742937,0.03045888318629644,0.09225591795587959,0.10728259615572218,0.1745680715412166
1,689,0.28814540925105353,0.3191342449447515,0.03126928011720789,0.08119143948312654,0.12520677175008824,0.15505285445377226
1,690,0.29653925682191856,0.2958345163906375,0.030374299392131807,0.09653785423400786,0.1212442874479037,0.15946978571340048
1,691,0.3045925253397109,0.2996524271347318,0.030423727544999273,0.08020951839330115,0.12374778127455235,0.1613740203127045
1,692,0.31512785469033894,0.28742382322104765,0.033285311913810414,0.07903888747600984,0.12293777971025324,0.16218634298853998
1,693,0.3129768670667577,0.2706445628303992,0.028280336458057498,0.08481936725281032,0.13353624048788937,0.16974262590408595
1,694,0.2872501840428314,0.2904750447977882,0.02973294012822125,0.08334959647407607,0.13065677993090324,0.17853545462617973
1,695,0.30464225790468047,0.29875527101810706,0.030351036610634007,0.0892697374815639,0.11717556693609844,0.15980613004891608
1,696,0.2805414309846843,0.30034742055923935,0.029435278889539437,0.08868068344762217,0.1342482737631587,0.166746912355756
1,697,0.30007281517323603,0.30906439541233915,0.03159190690368156,0.08006834535003847,0.12357275315851551,0.15562978400218921
1,698,0.2838160948036837,0.3095095600892485,0.029051838128842104,0.08803869940053484,0.12032145922791719,0.16926234834977363
1,699,0.3079093297416737,0.27808234315039443,0.028006241496153758,0.09139426830046982,0.1168983266104955,0.17770949070081282
1,700,0.2981501496291512,0.2792943447479247,0.03415099417200924,0.09082735809312752,0.12688722072756647,0.17068993263022086
1,701,0.2783961865883068,0.2804021167585947,0.033609990188410745,0.09392449599766209,0.1378525552559661,0.17581465521105963
1,702,0.31050413302995145,0.2752556384305412,0.0294111046474449,0.09333386548366596,0.1234300545426691,0.16806520386572732
1,703,0.29410720995707634,0.287823769006062,0.03153224612221459,0.09472381473593382,0.12846466222284128,0.16334829795587208
1,704,0.2906237451862556,0.2967592107852868,0.030933114976260234,0.08854526254295414,0.13142129313178347,0.16171737337745973
1,705,0.3036991853619583,0.2997817762923348,0.029916028920244465,0.08304231559157109,0.12536181962447285,0.15819887420941842
1,706,0.2999702254434095,0.2967287602838584,0.03064164293485385,0.08122206758212823,0.1338610232855446,0.1575762804702053
1,707,0.2778407114317263,0.28685045763361966,0.03282766521908683,0.09675423478196944,0.13114847772008445,0.1745784532135133
1,708,0.29093505035010225,0.3060139986381166,0.028202012446119428,0.09274529412004673,0.12493549893789488,0.15716814550772
1,709,0.30508669406919897,0.28881351884029954,0.0318359102743753,0.09203984337802348,0.1260493631039109,0.15617467033419175
1,710,0.3042931218481019,0.3034890348073268,0.029359229822295104,0.07989662055596665,0.11957158737288813,0.1633904055934213
1,711,0.300683454529772,0.29335649816605713,0.02773543546884598,0.08947277632116289,0.1256603502925951,0.16309148522156694
1,712,0.29567934785847855,0.2794837759370212,0.029912013793837795,0.08897368104467158,0.13786995180333916,0.16808122956265176
1,713,0.27902518490301664,0.2947070118633355,0.02914996407988917,0.09198696044219035,0.11908189688230984,0.18604898182925855
1,714,0.31558677973564647,0.2671477386756779,0.033681074827269675,0.08190955809518072,0.13350245603861438,0.16817239262761083
1,715,0.293946555940039,0.3064692280024444,0.02756954042222386,0.09039620485725185,0.12907346233420045,0.15254500844384045
1,716,0.2717009115337872,0.310653015452911,0.03080840457837548,0.08615099959952377,0.13503861670754674,0.16564805212785577
1,717,0.3118062813893401,0.2708593407053122,0.03044250399411448,0.09158684554438344,0.11393531875827276,0.18136970960857707
1,718,0.29497292144781473,0.3062800145630388,0.0300010517996168,0.09095659482459834,0.10743015359825828,0.1703592637666731
1,719,0.3074073339882148,0.29669665754427316,0.027409094751873694,0.08780771857401543,0.12643387820957194,0.1542453169320511
1,720,0.2706328422784287,0.3123216730366319,0.03277243766353655,0.09348347497337925,0.12538644293904244,0.16540312910898106
1,721,0.27660575048728553,0.3152283339111765,0.030045178303058553,0.08585353400409769,0.11741606176825019,0.1748511415261315
1,722,0.3030266081389511,0.300429534655595,0.03100965795552923,0.08112931913148784,0.12778746612034594,0.15661741399809084
1,723,0.2913898911823388,0.2967099207099903,0.027302195461865218,0.08863168115706442,0.12863448103535072,0.16733183045339053
1,724,0.3065074220286282,0.28690818200606716,0.031060469433249534,0.09002665136460336,0.12677274063995222,0.15872453452749946
1,725,0.3028070583899638,0.295260061475254,0.028899089672340336,0.09553164635310066,0.11479742806470855,0.16270471604463266
1,726,0.2880788477969105,0.2953833828655804,0.030259773835553755,0.09045307407722793,0.11615617577107472,0.17966874565365262
1,727,0.30406939917652326,0.2755005748581246,0.030415014868900823,0.09068086117947356,0.12465708000903664,0.17467706990794102
1,728,0.29775874194353286,0.29855423648002033,0.032879890744168125,0.08029108088328842,0.12078094042034844,0.16973510952864176
1,729,0.31395020110669725,0.26889001364755033,0.033026929801426096,0.0860465821992398,0.11310476822862418,0.18498150501646227
1,730,0.29235067339182075,0.2865413455977266,0.0326057079329147,0.09235454366152654,0.13038251104272103,0.16576521837329045
1,731,0.28420779028118665,0.2960382393967138,0.032404389953446355,0.08961115595645043,0.12803883526969906,0.16969958914250372
1,732,0.2962913751316838,0.2882124921589652,0.03192371520913166,0.08289832058644811,0.133384009400948,0.1672900875128233
1,733,0.29106833871583704,0.27807217856241134,0.028150810547527945,0.09519052590971996,0.12227781675400902,0.1852403295104947
1,734,0.2894190484790273,0.28233492275518535,0.03396844524445822,0.09596740236307184,0.1290128115238787,0.16929736963437853
1,735,0.2760120591559822,0.31859717389709424,0.029574603795437016,0.09532750291091592,0.12348600812362717,0.15700265211694348
1,736,0.28319914506507415,0.29969590212090935,0.03410865645738574,0.09045827107742738,0.13284617121677178,0.15969185406243164
1,737,0.2847908554548368,0.27866778357735716,0.0294596165135382,0.08927634367521022,0.13417215860002032,0.18363324217903734
1,738,0.31002011094559895,0.27955651588880753,0.028149984364225115,0.08481538172764898,0.12710205764292212,0.17035594943079727
1,739,0.3045765290195095,0.275257405174437,0.027251166856341213,0.0839625349049016,0.12857803642237506,0.18037432762243574
1,740,0.3096587863347912,0.29488563835212117,0.031873291316244244,0.08306047407870382,0.12671118552632007,0.15381062439181944
1,741,0.2971757354910129,0.27430627925417195,0.0323060360564238,0.09037540775083411,0.13039878578046474,0.17543775566709244
1,742,0.28714444438734993,0.29202699932594783,0.03189502646991922,0.0861992713620873,0.12858203843720356,0.1741522200174922
1,743,0.2789244008122233,0.30614956149047906,0.028585912141967942,0.09592322158751902,0.12529427579586036,0.16512262817195036
1,744,0.30109624051599115,0.2911690264397206,0.03042383226642595,0.0913688647467871,0.12251584200071167,0.16342619403036346
1,745,0.29188404794527656,0.28057767649540105,0.03336670582914251,0.0879739568287956,0.11875883422890374,0.18743877867248052
1,746,0.2896518509827417,0.283094019622056,0.030312381718189577,0.09276408447011719,0.13663625600786625,0.16754140719902924
1,747,0.3123000653561969,0.2749924258930251,0.032103362801210615,0.08895199965706332,0.12077194394962298,0.170880202342881
1,748,0.30442232719907114,0.2922423548946511,0.032086947314393884,0.08953713572015454,0.11693219581672362,0.16477903905500574
1,749,0.3037311857913597,0.2971451797518628,0.02645284282734876,0.08622651841906802,0.11349324593571035,0.1729510272746504
1,750,0.304774314852515,0.2864176099192954,0.0285751640209326,0.08771508506566159,0.12085540564576433,0.17166242049583105
1,751,0.28030924542310276,0.30936443878679504,0.0275959679511242,0.09371461135275701,0.12525903709278027,0.16375669939344079
1,752,0.2871998070297857,0.2989379908336029,0.02940360373992292,0.09286760864351411,0.12670766577996076,0.16488332397321365
1,753,0.30484405714857493,0.28990891235593413,0.031067276360373583,0.08026809752647308,0.116863216791027,0.1770484398176172
1,754,0.2935218188357782,0.30630008560783456,0.028134987749247702,0.08910575572887089,0.13073439303441814,0.15220295904385045
1,755,0.2700386261381606,0.31499076007268845,0.03206642139568625,0.0852716488594886,0.13205387224004783,0.16557867129392825
1,756,0.2832408053624376,0.3230401198665245,0.02773068105841025,0.08269745458059503,0.12069988926322965,0.16259104986880302
1,757,0.3075618125645768,0.3023878173488911,0.027223266321241918,0.08408532748849624,0.10761882140437948,0.17112295487241458
1,758,0.2846938725966787,0.28923642501388935,0.03286134007229329,0.09322103803347664,0.13048969797593812,0.1694976263077239
1,759,0.2962263996417609,0.29648897767720167,0.029037102100806598,0.08968230618528297,0.12637141503821997,0.16219379935672795
1,760,0.28103137628254365,0.30445984568167994,0.029887099351892137,0.08978473761441051,0.11642961385157964,0.17840732721789418
1,761,0.29664997463730897,0.2989244401088785,0.028968750641698324,0.08712100971399009,0.11617451097833237,0.1721613139197917
1,762,0.283024270317624,0.3056666358077654,0.02971739832534719,0.08161766396126083,0.12591053638304223,0.17406349520496034
1,763,0.29292432058735496,0.28549872412474886,0.031616898946114004,0.08412871606441359,0.129714803466145,0.1761165368112235
1,764,0.29223024035839845,0.29927980132475995,0.027390777816089153,0.08963645460619307,0.13353236681551953,0.15793035907903996
1,765,0.3063447888332493,0.2875895761558021,0.03078746877224941,0.0910058629341399,0.12596761434702744,0.1583046889575318
1,766,0.2827504487861456,0.29804016760624236,0.029496069860653607,0.0864242766946412,0.12821405494071872,0.17507498211159855
1,767,0.290739041146584,0.2889398473348189,0.032789883922658664,0.08784257266337397,0.11483759632386577,0.18485105860869874
1,768,0.27219276666376707,0.31465008842282777,0.029628324491977102,0.08324705030028437,0.1235181827975266,0.1767635873236171
1,769,0.27664046210961346,0.2826393319063212,0.03388884301200271,0.09417116305308029,0.12635757426931152,0.18630262564967084
1,770,0.2882133956901509,0.3085839567780841,0.027825799686712425,0.08505544918590473,0.13287107129917222,0.1574503273599757
1,771,0.295684603014365,0.2768119426783909,0.03174910948609232,0.08958821446445307,0.12278247084919654,0.18338365950750218
1,772,0.3087413632334328,0.2859874229628548,0.02690152425429069,0.08228204105199019,0.13248123470101955,0.1636064137964119
1,773,0.27786803352442363,0.2834089232875696,0.03434516417742027,0.08952431892076562,0.13801003590560365,0.1768435241842172
1,774,0.3108189572204018,0.29541098203388133,0.026817612826548452,0.09280878505427799,0.10784709156752502,0.16629657129736528
1,775,0.27174966423874997,0.29556966741863605,0.03321522196770849,0.09080897538012031,0.12297949564939674,0.18567697534538846
1,776,0.26749049246956874,0.3134727469549432,0.029923854782473672,0.08564844847028669,0.13410907235267186,0.16935538497005584
1,777,0.27836561129291393,0.3208609782967295,0.03282419588272713,0.0841265530179295,0.11686462478170258,0.16695803672799736
1,778,0.29951484741175666,0.30660894784133946,0.02956717533684516,0.08359798907606711,0.12774572660756597,0.1529653137264257
1,779,0.3060006429226698,0.28942387252925145,0.027887334565195755,0.08688248624937935,0.12071531688181314,0.1690903468516905
1,780,0.28582680669118293,0.3159854566727706,0.03016790810107279,0.08441623959364487,0.12019019034827158,0.16341339859305712
1,781,0.2905758383710465,0.2776672707799171,0.03325085347475553,0.09544292810439466,0.13315179585701784,0.1699113134128684
1,782,0.27244026681578953,0.31228034632382645,0.027697947300503668,0.09355105266562894,0.13177478950774366,0.16225559738650772
1,783,0.2814903281314877,0.3053231634754387,0.03114162039934117,0.08504291552670916,0.12370056418754621,0.17330140827947704
1,784,0.28528029751418593,0.31003023231451005,0.028680028246211523,0.08641098463371945,0.1154040901192923,0.17419436717208064
1,785,0.2886880459874621,0.2965270896257234,0.03040859512654482,0.08284701526611983,0.12433033372821731,0.17719892026593256
1,786,0.30485565302509426,0.28880756222250337,0.03136230870080138,0.08814826767656628,0.12438450372070135,0.16244170465433322
1,787,0.2729484318596023,0.3103110296821887,0.031376149202428746,0.08357121509978756,0.12975143171346912,0.1720417424425235
1,788,0.27324105507054675,0.3078952774946935,0.028985908153837465,0.08665412258884812,0.12298754659989972,0.18023609009217453
1,789,0.3059088924279897,0.3100415255889414,0.03162075116308473,0.07981453423084504,0.1217531279614472,0.15086116862769192
1,790,0.3065109633795695,0.2802621213269454,0.029188513188001437,0.08667342990069081,0.12062812259509992,0.17673684960969305
1,791,0.2727156205833919,0.2979243024137164,0.033232962382629065,0.09669654021312973,0.13395758801635044,0.16547298639078248
1,792,0.32427392766222474,0.29482418623008094,0.032013113023110086,0.08003178728732836,0.11335364058252141,0.15550334521473444
1,793,0.28458993658591536,0.2969437772074488,0.033329871363936996,0.08604503510964848,0.11474865360420283,0.18434272612884756
1,794,0.31303640076508177,0.2810032281920356,0.03281202520006668,0.0877993389332942,0.12465158557247424,0.1606974213370474
1,795,0.3109385233800427,0.2959909343171335,0.029539221495319123,0.09377377001845993,0.11399295648215921,0.15576459430688555
1,796,0.3093245263704609,0.2889594400430316,0.029295875710787542,0.08383966243775012,0.11545865459368206,0.17312184084428778
1,797,0.2626551559637117,0.3113511942721606,0.027204464745495274,0.09118956723434243,0.1326131076760473,0.1749865101082426
1,798,0.27584202520652545,0.2942366879546376,0.0320316254293478,0.09581912177312071,0.13038802792956905,0.1716825117067994
1,799,0.3119249142974064,0.29963393885482686,0.02848976646636101,0.07791749342580666,0.12014256668901846,0.1618913202665806
1,800,0.2705811221521899,0.3064588580566757,0.031236302350124045,0.09306464583104355,0.11361895942950444,0.18504011218046224
1,801,0.29553071346076076,0.286995762385467,0.029715188039081818,0.08980335767430953,0.13652321233945314,0.16143176610092777
1,802,0.30870654511454004,0.28551574776878064,0.030924391942494835,0.09427826776469365,0.11890774720241276,0.1616673002070781
1,803,0.3033103001355823,0.2778436467459612,0.030959853623728006,0.08679057321631461,0.11967644109886731,0.1814191851795465
1,804,0.27277711733911286,0.29353128864550687,0.0329886660194378,0.0934365089171026,0.13671925817896874,0.17054716089987107
1,805,0.2834208095885147,0.28262265505966516,0.033948265722068396,0.09407370369570865,0.12640277919404427,0.17953178673999887
1,806,0.29385296898806634,0.2990305426282306,0.02926013735843552,0.0925473184275829,0.12323530406830871,0.16207372852937596
1,807,0.2814535775889073,0.3175270751806607,0.029595056723108464,0.0950101690717124,0.11551551746945636,0.16089860396615474
1,808,0.30136358197144764,0.3014438393630459,0.028935905182872982,0.08881847053097583,0.11228230389267849,0.16715589905897907
1,809,0.3065974150135466,0.2660196133665915,0.032490099536833385,0.09310978849594082,0.13321286092336626,0.1685702226637214
1,810,0.2784841901995683,0.3067611868405261,0.03094118110244163,0.09186555421436438,0.1203025269685947,0.1716453606745049
1,811,0.3162900028004876,0.27524606431246407,0.030857185200165987,0.0809681679254244,0.12017131210196469,0.1764672676594933
1,812,0.2756766541483416,0.29249562128710066,0.03261069097423873,0.09680283531476798,0.11500894448017346,0.18740525379537765
1,813,0.3055315508332251,0.2912350607763386,0.03299738095148053,0.09660705893772403,0.11458725588520732,0.1590416926160244
1,814,0.2920723780684368,0.2838273204905056,0.027907258959497805,0.09519994527339802,0.12682012115165095,0.17417297605651078
1,815,0.3125386049160574,0.2887338050402483,0.030262424510964097,0.08038169219132771,0.11639880889356602,0.17168466444783642
1,816,0.30327611476982225,0.2668633282912341,0.03007416120802185,0.08449009264054447,0.1307116388577568,0.18458466423262043
1,817,0.2808188513811074,0.3065252707331862,0.030156761138885817,0.09351335625466911,0.11915675548935584,0.16982900500279557
1,818,0.2940952958284969,0.2811298347190461,0.030145638448765364,0.09028828641119024,0.1323861760913786,0.17195476850112282
1,819,0.29085835060139986,0.30473605322348785,0.028757960028656285,0.08314975657860892,0.13081477229768812,0.16168310727015892
1,820,0.2784888697145924,0.29705003220568366,0.028060515914411537,0.0864923693263451,0.12811758641103022,0.1817906264279371
1,821,0.293871620639085,0.3096948705737482,0.029410834567520836,0.08877649409073937,0.12486603243254812,0.15338014769635838
1,822,0.2739198291858051,0.31258259796375437,0.028631337862998416,0.08839643369711923,0.11932764122894655,0.17714216006137634
1,823,0.307942865907925,0.29044007864121973,0.03090964845386387,0.0908051130954979,0.11945844510942961,0.16044384879206386
1,824,0.28072155960601386,0.281311194688188,0.030402138488536713,0.08496931114129386,0.13287814261895498,0.18971765345701253
1,825,0.30399819957185414,0.29672988599097005,0.03235896978055328,0.09170666429175167,0.11709884214181564,0.15810743822305523
1,826,0.2743563948543493,0.3143228834727981,0.028928503534791906,0.08124157173285579,0.12635000847750172,0.17480063792770326
1,827,0.28889316746951693,0.2894466863813519,0.0324579997825907,0.08507568929915311,0.130229362319212,0.17389709474817538
1,828,0.27982275934797685,0.29893923696230407,0.03210568488454632,0.09253860713445836,0.1309313067050633,0.1656624049656511
1,829,0.30393035073496666,0.28192056717383546,0.03157266288492172,0.08721867889618107,0.13207600965298638,0.16328173065710871
1,830,0.2715453202746924,0.2954360405966945,0.030061507883834007,0.09595481001905183,0.1258404883619012,0.1811618328638261
1,831,0.2839283081273726,0.29639380840271623,0.03319849983124877,0.08268835489599806,0.12654783006574438,0.17724319867691998
1,832,0.2917232884011411,0.2940270056107588,0.02936881210382785,0.09265123419758753,0.13555456926633314,0.1566750904203516
1,833,0.3021801125036935,0.2986314600645202,0.026616741929503713,0.08773692032568867,0.12681593231161978,0.15801883286497417
1,834,0.285606018253114,0.2879391928116918,0.032034817575507156,0.08939487111664154,0.1328984639450874,0.17212663629795819
1,835,0.27451943721813943,0.31196806710212566,0.03284656365168182,0.07978783511341864,0.12078587343779035,0.18009222347684406
1,836,0.29681350241600885,0.31271143052082523,0.0326320501702855,0.08144476862919647,0.11707358866288904,0.15932465960079498
1,837,0.28983526312688773,0.29338484329329073,0.028834869967015876,0.09897578079326805,0.11554318694680799,0.17342605587272966
1,838,0.28487950838308324,0.2922025911163894,0.03072834774841162,0.09854829349750098,0.12874480552645381,0.164896453728161
1,839,0.26830082143096906,0.31103818106770276,0.03158576593451978,0.08064860763573317,0.134497153008478,0.17392947092259733
1,840,0.281089506201503,0.31450013162631385,0.029976736139051857,0.09077209781888101,0.11531846513486682,0.16834306307938351
1,841,0.30775365718041997,0.27558503116972016,0.03265140911833485,0.09146149544853194,0.11990437250860345,0.17264403457438965
1,842,0.27010669556422906,0.30455971452155217,0.03286852060361013,0.09394617438499366,0.12941994671912582,0.16909894820648907
1,843,0.2869927858026098,0.2940620935804047,0.029270756606086776,0.0805060670731761,0.1304036615914884,0.1787646353462343
1,844,0.30783511194586766,0.30177830004279116,0.027900732915295556,0.08039025774346936,0.12135328011015681,0.16074231724241955
1,845,0.30270085775166955,0.3007130148752575,0.028676956041366452,0.07958991573799332,0.12097524726552392,0.16734400832818935
1,846,0.27206518149117664,0.3056828969390707,0.02953750653649267,0.09388136848109477,0.12266614950175583,0.17616689705040947
1,847,0.2726036105893883,0.311377937748435,0.02901690181135793,0.08066698296845362,0.12071788973874756,0.18561667714361763
1,848,0.31944482261031176,0.27898874243373345,0.031222587540213443,0.08967939546536569,0.12331453598485109,0.15734991596552458
1,849,0.29267782095645656,0.2837940100496821,0.03287544216224506,0.09237561618405972,0.1127764715450543,0.18550063910250228
1,850,0.27786650800780105,0.31296495011878406,0.029632846951468932,0.09048866231049806,0.1295683888428488,0.15947864376859913
1,851,0.29306624800858083,0.308115515153341,0.028168636887627347,0.09168923019064161,0.12985443638014213,0.14910593337966704
1,852,0.2898643034094245,0.31207700222489776,0.028437346101164693,0.08547555136490134,0.1280439088505129,0.1561018880490988
1,853,0.27117997658097065,0.2998799332033432,0.02835292187101951,0.08325955795646074,0.13561257389987674,0.18171503648832915
1,854,0.31271326179631675,0.2754190200555628,0.03192951115356047,0.08748275867602502,0.13040058872696875,0.1620548595915663
1,855,0.31133854947490647,0.2831350689682364,0.030278716593095376,0.0825180244134914,0.12541332506631883,0.16731631548395148
1,856,0.3029745768371573,0.2768096961071196,0.03200379508276511,0.08384893179139065,0.1283969667549584,0.1759660334266089
1,857,0.2761565119397133,0.3021971942007712,0.033600816890638235,0.08070084114916103,0.12821940723708583,0.17912522858263044
1,858,0.27635040893972623,0.3023117299328258,0.030549637311783038,0.09181389757945863,0.1230568268454313,0.17591749939077495
1,859,0.29875264266977547,0.29973189177915643,0.032728833585858715,0.0839804162893467,0.12502243638709756,0.15978377928876517
1,860,0.29702484205645124,0.2966856076476663,0.03285598616875618,0.09112749699420034,0.13266811411454318,0.14963795301838276
1,861,0.31224850772999974,0.26804552882414234,0.027366075557083768,0.08971792773129701,0.12106528799885266,0.18155667215862448
1,862,0.3142718597087934,0.2729776250491539,0.031488807094169735,0.0863512020515601,0.133602538734116,0.16130796736220682
1,863,0.28265940181042265,0.2873046000260974,0.02928421001419802,0.08331766777615457,0.12286111768533248,0.1945730026877948
1,864,0.29381895918851275,0.3009550810942602,0.03272787089807957,0.08578177542935947,0.11353938261913916,0.17317693077064883
1,865,0.29853645788652067,0.29487961433318366,0.029438090025487845,0.08407513427761419,0.13187270770573173,0.1611979957714619
1,866,0.2909514992587103,0.30949071487435953,0.027455484220900613,0.09312056599721062,0.1213100474785022,0.15767168817031676
1,867,0.2844726264486652,0.28487770626690595,0.029648944400737738,0.08650706512688228,0.12981058526585343,0.1846830724909554
1,868,0.276990130231455,0.3131185731812633,0.028596115759076838,0.08544892507935938,0.13171621600145997,0.16413003974738546
1,869,0.29765414439170457,0.27335530068172215,0.030364171531705876,0.09262157315717884,0.13530185964225655,0.170702950595432
1,870,0.283558592141254,0.2843403020398483,0.031508665471884204,0.08290691793656757,0.13878419559650834,0.17890132681393767
1,871,0.2897870095695302,0.31731978148387857,0.02945027526584668,0.07837616567299414,0.11447843192645658,0.1705883360812939
1,872,0.3059275943975951,0.29110354634153995,0.02927063804380157,0.08906623183619046,0.11001733497365634,0.17461465440721666
1,873,0.2852271497565879,0.2968723333228688,0.03432469172595472,0.0873741788469494,0.1250536902636801,0.17114795608395908
1,874,0.2836904988732506,0.3087398108520442,0.02809427345268918,0.08226673176116839,0.13203380874463078,0.16517487631621683
1,875,0.281844605420287,0.299488717529263,0.028632683761035324,0.09396480585015611,0.12493202941438297,0.1711371580248756
1,876,0.27692083494937847,0.3223384538941086,0.028971129583096618,0.0887437934290046,0.11821058234126429,0.16481520580314743
1,877,0.29368533013973686,0.28640588459357746,0.03313907680773748,0.08694987858908398,0.13803291474358967,0.16178691512627452
1,878,0.29034795620615855,0.2968430566782726,0.03194885780408657,0.09263631147226364,0.1302266655293435,0.15799715230987513
1,879,0.29900887528068604,0.28704270283642924,0.03277420481289605,0.08672027170545982,0.12816857160857886,0.1662853737559499
1,880,0.3062237198256335,0.2955045210910064,0.02863100593934092,0.08454217425881277,0.1316727628384121,0.15342581604679437
1,881,0.2829763276078654,0.2881767675530507,0.029291624101414334,0.0938200898848756,0.13563406963986713,0.17010112121292675
1,882,0.27461040741989884,0.31916295443633547,0.02947029118915881,0.07994841192581015,0.13621434676584301,0.16059358826295372
1,883,0.27492547931038186,0.31271901196483615,0.03161172690754753,0.08224198109733742,0.11920691706878347,0.17929488365111354
1,884,0.2968931099929159,0.2871527518854982,0.029928936900393523,0.09437860759432617,0.13232921099007397,0.15931738263679213
1,885,0.27305626188386356,0.316414814336637,0.032802616408116915,0.09171807169197314,0.11803015398863656,0.16797808169077283
1,886,0.3070316532362458,0.26939424794083716,0.031245673880189416,0.091837682347526,0.13325850940521924,0.16723223318998237
1,887,0.26989791401144975,0.3146457328447028,0.032007931470482,0.09083885411877982,0.12391771011951698,0.16869185743506868
1,888,0.28315227774588736,0.2876676551876031,0.031718445710212026,0.08674955760370158,0.1358152687464301,0.17489679500616584
1,889,0.30242192670063184,0.2783282411946783,0.03086330884040037,0.09424067758633764,0.13165707589652928,0.16248876978142252
1,890,0.2799224799988712,0.2857705472822666,0.030437286914986254,0.09068627871925551,0.13457208294095943,0.17861132414366104
1,891,0.3080926943441345,0.2836128925702605,0.02957958165494609,0.08912097272184062,0.10924894528310893,0.1803449134257093
1,892,0.29625049750805255,0.306320879936307,0.029485179526799646,0.08809348160174522,0.12017825552001651,0.15967170590707905
1,893,0.29765302509197944,0.29810802436524036,0.03016641964197087,0.08117229259501572,0.11952119214094725,0.17337904616484634
1,894,0.27548063461673816,0.2821315699002145,0.03357717125792253,0.09813085152110805,0.1378764184955468,0.17280335420846993
1,895,0.29813910015483747,0.3056282797641449,0.030830406882751425,0.09017010811288959,0.1140495711370825,0.16118253394829415
1,896,0.2911728675928687,0.3075513515488158,0.02708581520224715,0.08677881424994587,0.10892080336043895,0.17849034804568356
1,897,0.28350869991928684,0.28298759980720223,0.029724522492486912,0.08392594899077188,0.13110111087865464,0.18875211791159757
1,898,0.30427635939057207,0.2744329375314065,0.0277059765390966,0.09273008268975524,0.12044963951430887,0.18040500433486067
1,899,0.3055340656067181,0.29807354932577745,0.029247711216039144,0.09269369767411437,0.11910142285848803,0.155349553318863
1,900,0.30711491041979705,0.2939158605991258,0.03302190978713355,0.08719874877575266,0.12396810926170547,0.1547804611564855
1,901,0.28416601862859037,0.29403469634012563,0.03331937791623528,0.09359178771542936,0.12252777001946313,0.17236034938015624
1,902,0.29507824479257955,0.2872270274554665,0.03601068277895332,0.09208216753367243,0.12379128681443861,0.1658105906248895
1,903,0.29716464406506304,0.29814680713543684,0.02757080860137927,0.08511268176820931,0.11457915435427135,0.1774259040756401
1,904,0.3021063796118155,0.2740189606909996,0.02816603159843145,0.09621675833272475,0.13501765999711043,0.16447420976891822
1,905,0.29047008386999695,0.3058637559488098,0.03066160537252901,0.08972518877025573,0.11952301338280173,0.1637563526556067
1,906,0.2967612446346646,0.30401881274100645,0.02972585185207533,0.09146707669378122,0.11829461990202314,0.15973239417644927
1,907,0.29435039962581405,0.2828508054842136,0.03148778790229654,0.09383363665681191,0.11923700386245552,0.17824036646840846
1,908,0.27535948297797525,0.3070509889283478,0.02943129227370101,0.09505405434388095,0.13325919042127846,0.15984499105481645
1,909,0.307001171349992,0.27700660095923335,0.03147723218650318,0.09183667521245542,0.12966717008510095,0.163011150206715
1,910,0.28425887696968194,0.2788456149296877,0.032039072278966955,0.09795195426080269,0.13364676598572905,0.1732577155751317
1,911,0.30638440108566767,0.29434121007060904,0.03219785340173146,0.08366624323574683,0.1215696565085573,0.16184063569768772
1,912,0.27543957043526907,0.2888331921838023,0.030174613309037694,0.09372423216065044,0.1286379943369608,0.18319039757427977
1,913,0.292016485200244,0.27420242396725836,0.032019729058697904,0.0854778977597976,0.12903889641545344,0.1872445675985488
1,914,0.28539710620720743,0.30429983900354507,0.02895415870586709,0.08731153426242218,0.11389697683057627,0.180140384990382
1,915,0.2903702431414334,0.2959548360368294,0.029073220626060138,0.0970002428249832,0.11468480020800083,0.17291665716269297
1,916,0.3048614685018894,0.28715990372986355,0.026668661642289315,0.08975553560142084,0.12230217380999456,0.1692522567145423
1,917,0.29408584565408097,0.29181133573843965,0.029670954104675552,0.08259196814209387,0.1268543377757795,0.1749855585849304
1,918,0.2946388537404342,0.3004382397464918,0.029397046166304005,0.0875468132170145,0.12828088471431678,0.1596981624154387
1,919,0.3153632971355378,0.26776154857950757,0.02847791562290711,0.08851210036572274,0.12440458316255619,0.17548055513376856
1,920,0.30718781859211813,0.27843068905692137,0.03356155851057168,0.09122157925535813,0.1210579219243489,0.16854043266068178
1,921,0.28394589940166126,0.314592206530352,0.032177220128882564,0.08667245953995047,0.11613646783989837,0.16647574655925532
1,922,0.30835966790503033,0.3063133304770063,0.030556621043900386,0.07912057900766187,0.11501458091688813,0.1606352206495129
1,923,0.2898197209568756,0.2882407853679392,0.028947532760249667,0.08731525623175838,0.125171385551422,0.1805053191317552
1,924,0.2900764238752406,0.28161006047560466,0.031654300649440324,0.08364920433899001,0.1280366250837335,0.18497338557699092
1,925,0.2975943699070031,0.29823103255391553,0.0270762042939041,0.08323914765218464,0.1253346064948965,0.16852463909809606
1,926,0.29994800906762387,0.3000248301465397,0.026963136154819798,0.08863551134482438,0.12067263465875684,0.16375587862743546
1,927,0.2697635188194916,0.3157708555400685,0.0275370799724422,0.0918174518462344,0.1194562203318472,0.17565487348991612
1,928,0.2976428275979897,0.3014803381316425,0.02827913983180157,0.08432847040636741,0.1321741415136671,0.15609508251853169
1,929,0.31145655913203923,0.26599933575498125,0.03150188134049215,0.09098099012893394,0.1255542857787739,0.1745069478647795
1,930,0.26963909516996426,0.30532909034467703,0.031202454413994038,0.0924158501318294,0.1300649447455881,0.17134856519394712
1,931,0.30021178926126874,0.2793997040834201,0.03230512042823717,0.09954451239943822,0.12685176519397268,0.16168710863366306
1,932,0.3093562516589858,0.2886617883767955,0.02992263015944355,0.07911672926946557,0.12143952945853925,0.1715030710767703
1,933,0.29884634578096253,0.272720683807336,0.028781327022296164,0.09160983906061605,0.12886241733611972,0.1791793869926696
1,934,0.3094318296296961,0.27094903007087673,0.02713119441013572,0.09143553578936006,0.1228934565354352,0.17815895356449626
1,935,0.2968917112469368,0.29027152325331546,0.030768008541415422,0.08409477851406587,0.13454100698224808,0.16343297146201835
1,936,0.2842468193669867,0.2882655696692079,0.03344372609971545,0.09388583802197495,0.12888498876643503,0.17127305807567988
1,937,0.2735612360946651,0.3188014307206862,0.031194524125523298,0.09665600817380049,0.11618307952754955,0.16360372135777534
1,938,0.29415317263274793,0.2942995864933103,0.031660871591798964,0.07924674559222182,0.12910375841355046,0.17153586527637057
1,939,0.280374700547753,0.28770936620868137,0.029958936624736563,0.09675068644063277,0.1312545745464646,0.17395173563173172
1,940,0.27363935877950213,0.3109619046322899,0.033272135275707,0.08166651928843066,0.12542656340454844,0.17503351861952185
1,941,0.3081255836493848,0.2978893710097265,0.02963152302254643,0.09110735874648163,0.10885660258635692,0.16438956098550375
1,942,0.30611542606763037,0.287054908985273,0.03135600474286447,0.0890900828101546,0.12376649753170987,0.1626170798623677
1,943,0.29741851975025213,0.2804923458451104,0.02726991981909873,0.08866675379243538,0.12948000562313733,0.17667245516996602
1,944,0.28087997052366165,0.2886216463143618,0.02860457450800121,0.09567594427639983,0.12250649042164798,0.18371137395592751
1,945,0.2792616080822159,0.28257783585188395,0.029357622387957433,0.09444594952959506,0.13964331053225634,0.17471367361609133
1,946,0.26470502327773104,0.3079017460967177,0.027465175080374993,0.09223674150154816,0.13119033407669928,0.17650097996692884
1,947,0.2824299349151645,0.30469368368388927,0.03285876749137001,0.07910766923710157,0.12426233606115607,0.17664760861131856
1,948,0.275884260832127,0.31013084586314,0.03369857671498033,0.08282662047220435,0.11876183097561371,0.17869786514193453
1,949,0.28207290911627103,0.31327964717781276,0.029941021724697595,0.08331771493523395,0.1334070012882985,0.1579817057576862
1,950,0.2820698743140962,0.3028479640960179,0.03310053063304908,0.08995392055406938,0.11889501897923396,0.17313269142353352
1,951,0.27686045116333174,0.3051561870292127,0.030524819441980783,0.09277576714624781,0.11789566964810308,0.17678710557112384
1,952,0.28343973696297176,0.27654276802036,0.028928016790940547,0.09852257258352586,0.12570846447503084,0.186858441167171
1,953,0.2692171506949328,0.31436461855804004,0.03131035125025765,0.08949082789992566,0.1185355084312038,0.17708154316564004
1,954,0.2932692452622424,0.30358318923972616,0.03491350112868656,0.0856575581845934,0.12349242035938214,0.1590840858253693
1,955,0.2771227164942115,0.2977926580721333,0.029293574996120016,0.0853994859929904,0.12089589525863463,0.18949566918591015
1,956,0.29213281973109745,0.2815001237685549,0.03085879507958196,0.09539216326023671,0.1308747445093643,0.16924135365116474
1,957,0.3066130704634058,0.28828238783970184,0.02741622197016704,0.09095171982906425,0.123140043941555,0.16359655595610612
1,958,0.291921144754291,0.2980851999392359,0.03159508770042648,0.0818405746834078,0.12327210822741874,0.1732858846952202
1,959,0.30932765148482133,0.27939481969770125,0.03197389757535323,0.08417826410043158,0.1367950018659353,0.15833036527575736
1,960,0.3110359566196125,0.27110666038904996,0.029119461569091974,0.08415181101955617,0.1251857049462039,0.1794004054564855
1,961,0.30115717068624814,0.2796098162203252,0.03257352320381806,0.08786636344628229,0.1226654089515696,0.17612771749175662
1,962,0.2679686285716524,0.2885434640243123,0.03186380056520312,0.09610560431196905,0.12742686531860845,0.18809163720825467
1,963,0.28318500267747654,0.3024730106219935,0.02987323818605093,0.09050888138228574,0.11773145081945821,0.176228416312735
1,964,0.2822502297399324,0.3079729675248475,0.030880328954226297,0.084397206380935,0.12259172212907277,0.171907545270986
1,965,0.2860725406925234,0.27899411686270353,0.034236938358038406,0.0957626898265047,0.11772550894784467,0.18720820531238525
1,966,0.29181356575125494,0.3036482338521477,0.03310332509221726,0.08266933553668095,0.13076788275600962,0.15799765701168958
1,967,0.2733097858680542,0.3003672197605308,0.028267334357516972,0.09435700151950314,0.12336314632660215,0.18033551216779267
1,968,0.27691464688609724,0.2998980496175336,0.028241041845751897,0.08790329924148467,0.13324979279350496,0.17379316961562763
1,969,0.2768255948269337,0.2990655776926743,0.032229733704749984,0.08700724299841539,0.12572985808721251,0.1791419926900141
1,970,0.29853061398110387,0.3040371451381721,0.02780247252783832,0.09029282822385465,0.11327335072944532,0.1660635893995858
1,971,0.30725416707054476,0.28436687260883187,0.02789899032955278,0.07934217469708382,0.13172044213050746,0.16941735316347936
1,972,0.28266936022565736,0.28174047550451775,0.03160636942888967,0.10004832111032069,0.12234758837824505,0.18158788535236947
1,973,0.2793166090109742,0.2915804671797943,0.031126466898028816,0.09496621387778754,0.1193888662753324,0.18362137675808274
1,974,0.27369998838190507,0.31870204645867667,0.03290969739385946,0.08105248987149415,0.1211549364322554,0.17248084146180936
1,975,0.2781193875360733,0.3117955029064514,0.03231365419516784,0.09524428213503146,0.11627253628056322,0.16625463694671272
1,976,0.28034627096307224,0.29529255274671384,0.034461797010063445,0.0926356430499166,0.1181089476808879,0.179154788549346
1,977,0.2943871243289474,0.2875375591016914,0.028509986145642346,0.08256935572526304,0.13177399274769946,0.17522198195075628
1,978,0.3024712775884588,0.2927026775064567,0.030930364794248624,0.08551312634214997,0.12028067131939327,0.16810188244929264
1,979,0.31548824938848635,0.2867027432459886,0.032071822371894466,0.08040792656282619,0.13303148284646124,0.15229777558434318
1,980,0.2762481619682955,0.2817164821955934,0.03062853068758892,0.09720098151247815,0.1252880906404008,0.1889177529956433
1,981,0.3067266643283517,0.3026801237207039,0.028982052631337837,0.09039804093142773,0.12088017912184237,0.1503329392663365
1,982,0.31570441201264726,0.28938079940932987,0.02879839191126197,0.09230680720369143,0.11873464291467134,0.155074946548398
1,983,0.2912473630497349,0.3026670330116599,0.02902032051882942,0.0855510782975516,0.12298662275692214,0.16852758236530196
1,984,0.3228621984744469,0.28003693489388165,0.029178864696641865,0.07973479659358455,0.130137278861852,0.15804992647959304
1,985,0.2752364946168158,0.3131919182367342,0.029330559797612076,0.08589135430585854,0.13396881422470103,0.16238085881827838
1,986,0.296680471718795,0.26719433809552295,0.03080159074024025,0.09516157979200664,0.1330356780053789,0.1771263416480562
1,987,0.3077934416530146,0.2853267184832442,0.02713869208790651,0.0901557980067292,0.1147964452558244,0.17478890451328105
1,988,0.31135684893939736,0.29816505922118836,0.03135571141582309,0.0875874612257688,0.11849187562718796,0.15304304357063445
1,989,0.28217729116011053,0.3041109936202197,0.029302580933083664,0.09462546217740583,0.12912552245675193,0.16065814965242825
1,990,0.2891077802822302,0.2848460882426646,0.03213974350364844,0.09878492678276156,0.13006639377996373,0.16505506740873147
1,991,0.2961900625806442,0.28731856868429445,0.028142663066683907,0.09284699625371716,0.12943302086556327,0.1660686885490971
1,992,0.27098345827018794,0.29491763963368267,0.03066404239160607,0.09284631735454749,0.12587855032515669,0.18470999202481925
1,993,0.2705149456188451,0.31225358996196384,0.0336204163042061,0.08721816378575818,0.128108324250555,0.16828456007867174
1,994,0.30603123439991253,0.28305921266096146,0.03204916452747669,0.08948678576118467,0.13008898774046954,0.15928461490999501
1,995,0.27943144645323503,0.27892786935627617,0.03403751477714932,0.08918423967534968,0.14232467290865722,0.17609425682933255
1,996,0.31223583871052446,0.30027160946051984,0.0325527240250998,0.07796221021419639,0.1212177490517642,0.1557598685378953
1,997,0.30475873302196527,0.30353877976364463,0.027666009867064214,0.09164132554261896,0.11743459648377952,0.15496055532092748
1,998,0.2852345323613654,0.2848458833378177,0.0326144862066987,0.08553301778819757,0.12990148450722167,0.18187059579869896
1,999,0.2861538048422849,0.2978596527992098,0.02738837658606132,0.09216688361077491,0.12723686560883457,0.16919441655283443
1,1000,0.2880194765492462,0.2894452031521607,0.031235538420527512,0.0868799460639865,0.12198710975445425,0.18243272605962485
2,1,0.2658616599045386,0.1481722150719291,0.036113144826865486,0.03589369421484549,0.4279282596023183,0.08603102637950304
2,2,0.23362518244191222,0.1420897186631799,0.0337871986587891,0.037732622547966235,0.4702719129218034,0.0824933647663492
2,3,0.23869955621070768,0.14636739334500967,0.03562644065540511,0.039449048993365717,0.4572079330217841,0.0826496277737277
2,4,0.25584206313972085,0.15691965474813757,0.03620761002739915,0.038552562763564883,0.43314627532108546,0.0793318340000921
2,5,0.24812867906844654,0.1401608053077589,0.03288273909606635,0.03360540109477446,0.47213844746744027,0.07308392796551351
2,6,0.2369500501531376,0.14875405234723058,0.03971488608625408,0.03560328206332461,0.4608614728921708,0.0781162564578823
2,7,0.24089616163793565,0.13607539460883944,0.03537026574680202,0.03509632059443432,0.4764732381227238,0.07608861928926487
2,8,0.2344545687897401,0.13385317459687227,0.040761795863153816,0.040340032914379195,0.46388110722486114,0.08670932061099346
2,9,0.24219171711072326,0.14091042915597787,0.03560791188671985,0.036654097488905996,0.46376072404783547,0.0808751203098376
2,10,0.24770890454802508,0.13841347453464697,0.03617355861109258,0.04068468143874444,0.45522115621282444,0.08179822465466649
2,11,0.24534416609016088,0.1560236934584802,0.04102728224781818,0.04223344025851525,0.4225388255136862,0.09283259243133929
2,12,0.23037600950728881,0.16197538485367258,0.03677277487397762,0.034599461828196586,0.4528648575673812,0.08341151136948317
2,13,0.24582703699313463,0.1469218967419245,0.03505105200004409,0.03604639789734123,0.4568683336082107,0.07928528275934477
2,14,0.24110575174753632,0.13954688440536886,0.037121392884921285,0.04186011697601927,0.45198163674550124,0.08838421724065312
2,15,0.26993176138588243,0.1455437964505817,0.0353833263908815,0.03848154991754565,0.4260863942232154,0.08457317163189329
2,16,0.2622535096904455,0.1372772120914308,0.040688219578534836,0.03724436185988377,0.44693455930288845,0.07560213747681675
2,17,0.25155652890442604,0.15588225899723554,0.038720577338806406,0.03982981375196047,0.43200441003511847,0.08200641097245315
2,18,0.2554913291236557,0.13343665033090546,0.036101137211303515,0.038100228365154025,0.46019031609180927,0.07668033887717203
2,19,0.24627160490237876,0.14096186403862546,0.041351312823085025,0.040295892509780204,0.4495535223505283,0.0815658033756022
2,20,0.22345636318029763,0.14333280921306749,0.03874965362191663,0.03452747948090913,0.4809483855962266,0.07898530890758246
2,21,0.22727019095906462,0.14636673935925482,0.03570386972796117,0.03712192354491223,0.47324779161020547,0.08028948479860176
2,22,0.22835079250341309,0.14977484366424665,0.0363395284135018,0.038890591369080865,0.47440197011518975,0.07224227393456782
2,23,0.2288243217046797,0.15769539099037583,0.03561666608993079,0.038122775617778056,0.4618291319424549,0.07791171365478078
2,24,0.24574922208872146,0.13241771054325618,0.03269464942378445,0.0367690224401264,0.46828969750846583,0.0840796979956456
2,25,0.2494673629335382,0.14307604533442803,0.03649422485426397,0.03802628049920791,0.45438753589684205,0.07854855048171992
2,26,0.2433079445833343,0.15564820627369663,0.036220184695085575,0.03402091779660178,0.4482280345809139,0.08257471207036778
2,27,0.24820667127479173,0.14847055039361595,0.034215594627530196,0.04004782507446407,0.4560112716959065,0.07304808693369154
2,28,0.2295110441570554,0.16234088415889397,0.03922486125469304,0.03893256607983354,0.4400467370540634,0.08994390729546069
2,29,0.2427071643185198,0.1546466180970855,0.03786604175125344,0.034741756196167754,0.4391313442069329,0.09090707543004059
2,30,0.23074031218312518,0.13359497703655768,0.0353753977024007,0.03948489657638491,0.4775357356434618,0.08326868085806974
2,31,0.26116170595664007,0.13429639158824336,0.039091213270280645,0.03362182294634851,0.45571362576519464,0.07611524047329275
2,32,0.25131063603504716,0.14870036032239387,0.037086377673450535,0.03533186671673008,0.44926775437708083,0.0783030048752975
2,33,0.24125424469557552,0.1525369091497667,0.03386782804639684,0.04102843034967431,0.45333843688251513,0.07797415087607153
2,34,0.263852263959244,0.1388541140191776,0.04026217601485491,0.037765341096958546,0.4416275387124333,0.07763856619733167
2,35,0.265633231904359,0.15031855274412417,0.03498697823045722,0.04050241640448623,0.42502938665889717,0.08352943405767617
2,36,0.26134956843576834,0.14509574732628858,0.039393011546006496,0.040823931988064076,0.4305890915470003,0.08274864915687226
2,37,0.24869201905421132,0.16049042290956483,0.03781197800141732,0.03689923690056836,0.43790860437615947,0.07819773875807869
2,38,0.24206291457195456,0.14788233641958728,0.04172619860337015,0.041838778153430255,0.43787337637904084,0.08861639587261687
2,39,0.25637993891080213,0.15797660660492632,0.039961047471853965,0.03587122242451137,0.43455095196703974,0.07526023262086651
2,40,0.2412827187494643,0.15628813370623526,0.036067585495355346,0.039769779477995405,0.4506886201525374,0.07590316241841226
2,41,0.24485245706391728,0.13792331013855166,0.035486385369568725,0.03892739068582899,0.45892068237765565,0.08388977436447778
2,42,0.2499582595096971,0.14354512520831858,0.03709115851011766,0.04298604386580478,0.4468110674189911,0.07960834548707073
2,43,0.24641171033712977,0.14380624519778853,0.03796909303887596,0.035943590363548855,0.4610865426202819,0.07478281844237489
2,44,0.23790419622750744,0.1476903334223407,0.037740282995714663,0.04013900097097361,0.4562208226570389,0.08030536372642473
2,45,0.24424975454158587,0.13785790044382593,0.033089746835133264,0.037569695934726643,0.47271605121655064,0.07451685102817764
2,46,0.2625980873716341,0.13900647022975274,0.039113154560563135,0.03605571749782291,0.4436877344601054,0.07953883588012167
2,47,0.2318572982244148,0.14932422549153576,0.036824099702803766,0.0386026305728556,0.45724724875815187,0.08614449725023818
2,48,0.2508216796169866,0.15325381924329776,0.03570746441274181,0.0367293780848176,0.44526796584132516,0.07821969280083096
2,49,0.26373403126314116,0.1405543621878478,0.03652034497282883,0.03517271446097561,0.44495160531577355,0.07906694179943295
2,50,0.2769143508656795,0.14894210747852135,0.03817644706559219,0.03679857860647029,0.42056398734915335,0.07860452863458328
2,51,0.24382177882717773,0.14699426934967683,0.03258440904315672,0.037698041464337376,0.4666812114216839,0.07222028989396742
2,52,0.24804506145991737,0.15077708055630346,0.0361949532577134,0.039391578678094896,0.4458456185091434,0.0797457075388275
2,53,0.2595163003120864,0.13395645880784657,0.03719706487058168,0.03449928680186887,0.45519285700258016,0.07963803220503639
2,54,0.24383704381121532,0.16357816426496447,0.03834134079663678,0.03881894870486108,0.4317437347237189,0.08368076769860341
2,55,0.2623818205401122,0.13322870136075896,0.039617076732923355,0.04018862050073759,0.451298345459145,0.07328543540632297
2,56,0.27442109738260184,0.13735036970410947,0.03620248255340936,0.0418189127025567,0.42832943384520766,0.08187770381211497
2,57,0.254711810279412,0.1580307190280136,0.0407640834020773,0.03501437048840359,0.4219530033461958,0.08952601345589782
2,58,0.2707539175150224,0.1440591702385324,0.036947619336629114,0.036677473717012736,0.42517763506770234,0.08638418412510095
2,59,0.2444131458358686,0.15057053083131383,0.035885160243333374,0.03896947953957134,0.4453094997585597,0.0848521837913532
2,60,0.24819156850264676,0.15010504429713442,0.03457310059592109,0.0379720062934302,0.4393455924951161,0.08981268781575141
2,61,0.22421295942219993,0.13404626710914377,0.03627582831245394,0.03395990612802888,0.48463802198280237,0.0868670170453711
2,62,0.23632942268625182,0.1312113015859784,0.03377960872400551,0.03836161891695188,0.4854386713475573,0.07487937673925515
2,63,0.23455838351388802,0.154017974271718,0.03852366193095479,0.03770735903966671,0.4529608302598824,0.08223179098389012
2,64,0.2708521060003751,0.14746130222365986,0.037624579123572345,0.039471064752356816,0.42383798649110427,0.08075296140893162
2,65,0.22472320696159587,0.13895029952082966,0.03887138052756927,0.038047350240008986,0.4811818854982066,0.07822587725178959
2,66,0.23923349479799966,0.14421166616827927,0.03815894889072253,0.03727326078320045,0.45346945878563477,0.08765317057416337
2,67,0.23338485044775426,0.1507214307483363,0.03724840388131976,0.03583545876433751,0.4685294665301408,0.07428038962811136
2,68,0.2533129066816827,0.14311514621677363,0.03272892883304098,0.03575142332338218,0.4600241394059715,0.07506745553914894
2,69,0.27778388891166406,0.13803565632568937,0.03816870043200968,0.035599288009151686,0.4190448297323973,0.09136763658908785
2,70,0.26470246889228066,0.16257126180117623,0.037988323911834376,0.03408651134535007,0.4216430245250483,0.07900840952431033
2,71,0.2429784143259348,0.1617786532006747,0.036062347759450455,0.03635272790992488,0.4396428826862326,0.08318497411778256
2,72,0.2624850772448097,0.1417744804229505,0.03804008146593473,0.03462168945041115,0.438586887001831,0.08449178441406292
2,73,0.257705056726146,0.14548001231427282,0.038216178372959875,0.035809031104422684,0.4427738533023618,0.08001586817983676
2,74,0.22668007155283482,0.13364626031397753,0.035171175069983254,0.04015504761192383,0.4878203588573185,0.07652708659396198
2,75,0.2570880001435147,0.13028521558975076,0.0331730067243592,0.03612532501379291,0.4714969305236183,0.07183152200496407
2,76,0.2501673882769662,0.14487045753319663,0.03549131797637837,0.034625521083304044,0.4572402243709259,0.07760509075922879
2,77,0.2702759793350116,0.15848573913706382,0.03611709733904857,0.039938349870011026,0.4223194561892016,0.0728633781296633
2,78,0.26269455158862764,0.13348138945370144,0.0398907917079609,0.040155616176679294,0.44827207052925544,0.07550558054377526
2,79,0.26914569250553927,0.1505898618025098,0.04091748863344893,0.0350532636492387,0.4187714771839658,0.08552221622529751
2,80,0.2573345094342584,0.13703212962036432,0.0405763106559942,0.03484682392116377,0.44196140863647054,0.08824881773174874
2,81,0.2591776493085395,0.15468557509819492,0.03929652860359133,0.04019658915915098,0.43116077102219114,0.07548288680833216
2,82,0.22506143993711533,0.14780369090024328,0.040273811999303466,0.03772860270025337,0.47499966719152237,0.07413278727156213
2,83,0.24512094507724963,0.14872568434814182,0.03540655949488457,0.03436410422577613,0.4558389138866407,0.08054379296730717
2,84,0.25046863924206997,0.16036433831695054,0.04102992521158521,0.034651954537086214,0.4220189640623534,0.09146617862995471
2,85,0.2494108031476942,0.1405459445063995,0.032992089006395754,0.03907753762404727,0.4635594939250067,0.07441413179045646
2,86,0.2577742283218833,0.14316770264319692,0.03483131000341336,0.034098167541554134,0.4541958605884998,0.07593273090145254
2,87,0.254385781675871,0.14230847002119867,0.039300542009219924,0.03863078499879039,0.4422512347187274,0.08312318657619255
2,88,0.2419896848909062,0.14493798054456208,0.038750072597062646,0.03498013737793975,0.4497639536310351,0.08957817095849421
2,89,0.2363375980445723,0.14182975939229994,0.03282389410054985,0.03862953598652381,0.46681631100534937,0.08356290147070485
2,90,0.23368638018951732,0.15375857993664468,0.03498389120866844,0.0338129315821087,0.46617348059838226,0.07758473648467858
2,91,0.26752054865617353,0.14680583044462678,0.040280640953849756,0.038236911689503154,0.42388100882932395,0.08327505942652287
2,92,0.2453074754995246,0.14920931825019498,0.03633736214781746,0.037462454994242875,0.4503463135390745,0.08133707556914557
2,93,0.2624117324992959,0.14950397944772986,0.03851863751102962,0.03485081153715111,0.4291339493037245,0.08558088970106906
2,94,0.25366502159549464,0.15272690067841163,0.042276681354026624,0.03796130712810811,0.4337582085239434,0.07961188072001564
2,95,0.24021810232135954,0.1545657163894187,0.03850862999278592,0.036982817679416524,0.452307934487651,0.07741679912936826
2,96,0.23859489555173533,0.14770561433826196,0.03952534908301384,0.03645165448158336,0.4560606260911719,0.08166186045423372
2,97,0.24230484033563945,0.1539899203175674,0.03699525635448094,0.03684697778756681,0.45172766524812513,0.07813533995662027
2,98,0.2253014976361309,0.15702356242926985,0.037213712459125456,0.03734345745027399,0.46032099864985154,0.08279677137534833
2,99,0.23620816447786788,0.15852612711030506,0.03987391157561517,0.040146482566621136,0.4396846414562609,0.0855606728133298
2,100,0.25365011009330435,0.12859693978989611,0.03801779872024941,0.03449297597315125,0.46929242347488614,0.0759497519485128
2,101,0.23948845108955746,0.14654221588056635,0.03293028348476407,0.03458581873822023,0.4654967871533241,0.0809564436535677
2,102,0.2555457694536883,0.14413167657719933,0.036282197755705695,0.03691740270131183,0.44749285586691834,0.0796300976451765
2,103,0.23203450077611185,0.1591980330554134,0.03581546951839055,0.04048590581361684,0.4557659609235509,0.07670012991291644
2,104,0.2245318735097827,0.14122499023743734,0.03722427635670227,0.03582828117717143,0.48769145678104875,0.07349912193785758
2,105,0.25129161219683605,0.14911824594688755,0.03837802461343364,0.04006688659917116,0.43300280501256494,0.08814242563110666
2,106,0.23007040899509226,0.14493966109804468,0.0363270532288456,0.04081901596474926,0.46413542459225865,0.08370843612100952
2,107,0.26836562374816914,0.1451757481650597,0.034497354734866745,0.04095050430203868,0.4346367178194115,0.07637405123045421
2,108,0.23569610422990234,0.13941819730603647,0.03828799957149984,0.03480644854754993,0.465965206993683,0.08582604335132846
2,109,0.2761015863959918,0.1436973746849792,0.035031443361487245,0.03545862586182611,0.42409349112112243,0.08561747857459318
2,110,0.2202322015076398,0.136707852905555,0.0333386103008459,0.037362482931042974,0.487418419441173,0.08494043291374341
2,111,0.26260132934954716,0.13654595090914,0.03927389233788992,0.03846251772103612,0.4360445087826729,0.08707180089971384
2,112,0.2373343959764309,0.15042774832295877,0.03596073717559368,0.041474097312815664,0.44879547831293337,0.08600754289926764
2,113,0.2413144873346108,0.14850168058969962,0.04069030457598328,0.03964592289828743,0.4536527254871562,0.07619487911426275
2,114,0.24817457935523773,0.15115073037670962,0.03387431056449866,0.03838520870901316,0.4409533642480783,0.08746180674646255
2,115,0.24611983144026883,0.16076062273174532,0.03676024196476998,0.03809377863980507,0.43004490977286897,0.08822061545054187
2,116,0.25399942046267515,0.14126954605841288,0.03272140688290626,0.03477912201781023,0.4528739611690145,0.084356543409181
2,117,0.2518520128670603,0.13985094052941122,0.037230128961347024,0.03928356255456496,0.45288447257156766,0.07889888251604885
2,118,0.24238023813743728,0.15253852472667673,0.035703430437425646,0.040653983368721,0.44211502478936,0.08660879854037934
2,119,0.2522541719140514,0.14521885092707465,0.035048604231559026,0.03507071624651957,0.45808555354878283,0.07432210313201264
2,120,0.24778355031754207,0.15127824559479947,0.03863360483861301,0.03901751763051936,0.443271269462019,0.08001581215650717
2,121,0.26174761250010303,0.1362001195156997,0.03859218168037543,0.03828329905899029,0.44587626307010114,0.07930052417473041
2,122,0.24254343493014321,0.14884318513350053,0.034230064932660335,0.033399148156605156,0.4549199677004917,0.08606419914659895
2,123,0.2527079399461259,0.15044617168759777,0.036826144838177,0.03601029308520592,0.43127367667113353,0.09273577377175993
2,124,0.2575201684125599,0.14979170396314734,0.041541079090512766,0.03550864000147052,0.4354012557730811,0.08023715275922834
2,125,0.23605574567957519,0.15686591703471459,0.039540078262237335,0.03541329565177572,0.45205302386885055,0.08007193950284666
2,126,0.26695572345933044,0.146676508937184,0.03739181967413203,0.03995872369145684,0.434613689635747,0.07440353460214971
2,127,0.2453643874797215,0.14260561063035543,0.040424707415777666,0.04168724571450372,0.44853024180427664,0.08138780695536504
2,128,0.22605941191263926,0.14884733371361267,0.03661677205164042,0.035201394777305,0.46781230720838757,0.08546278033641506
2,129,0.25764370200858877,0.15316035393958,0.03418349444702937,0.03787189881948575,0.43327558733435173,0.08386496345096434
2,130,0.2696856097188791,0.15050346111352922,0.03470693727611561,0.0396352258353759,0.4268912994777792,0.07857746657832092
2,131,0.22953739387198138,0.1302217057291778,0.03647552776272339,0.04005863961171038,0.483645678525594,0.08006105449881305
2,132,0.23464733286761955,0.1377938600466948,0.03576476473993133,0.038112083166138254,0.47136318696384044,0.0823187722157756
2,133,0.25361662423000014,0.15362284971410883,0.03872253848389459,0.041496081523121876,0.4356936596364279,0.07684824641244663
2,134,0.24067743173332376,0.15443596006061255,0.04070789370937579,0.03951994549253785,0.4311602316227248,0.09349853738142522
2,135,0.2608526668782399,0.16383073224766953,0.037865218006574865,0.03828985175098001,0.41707187900926757,0.08208965210726822
2,136,0.25882178627937036,0.14537743695929886,0.035642254281010505,0.03887006345318724,0.4429164480077732,0.07837201101935974
2,137,0.22807770374937408,0.14426435767191373,0.03912097661464017,0.035837373423296286,0.46793508608959866,0.08476450245117703
2,138,0.26267152863125376,0.1441247932690755,0.039245194844219296,0.0329612442030608,0.4361733382812429,0.08482390077114771
2,139,0.2550535658138606,0.1416683992611009,0.03890924632009228,0.033322036931963735,0.45814041585553233,0.07290633581745011
2,140,0.2585593132305352,0.147203795015065,0.03639767208012282,0.03526579857844852,0.44607612152590537,0.07649729956992311
2,141,0.23671078046821997,0.13910947578078325,0.036098913614772174,0.039522310089700544,0.4723657632156341,0.07619275683088991
2,142,0.27152648646734184,0.15088044654658692,0.040072605790538306,0.0377500809535599,0.41961117587739716,0.08015920436457585
2,143,0.2429093110466134,0.16282509688147298,0.04111344701464087,0.0425105055865639,0.424625202994098,0.08601643647661086
2,144,0.25556911133154525,0.15025475882708303,0.036960165931891005,0.03699646687369103,0.443843683319695,0.07637581371609463
2,145,0.23742836794280042,0.13021738312295994,0.03825525761570132,0.03646073214989074,0.4811080054852135,0.07653025368343404
2,146,0.2468862658698914,0.15283998438260452,0.04227129449806026,0.04191810473234748,0.4282458146975325,0.08783853581956384
2,147,0.23290500903102887,0.13135103651732152,0.03760912925888978,0.03978574119598991,0.4776570283897723,0.08069205560699749
2,148,0.2524456749087773,0.13832794087838363,0.040208795398963396,0.03321822604652902,0.4581586572033771,0.07764070556396961
2,149,0.23997852671930214,0.16188063480483283,0.03562889253847112,0.03744920650682246,0.4369349541760327,0.08812778525453875
2,150,0.2530472618744065,0.15000520682529134,0.034782014825640695,0.03231903976635287,0.4500362529825914,0.07981022372571711
2,151,0.23176920842669935,0.15385440203175973,0.03441893626303635,0.038927038956185094,0.4558607687239202,0.08516964559839936
2,152,0.2487805669897208,0.15227382431102765,0.035559959002191534,0.03548753877884887,0.44422264741529593,0.08367546350291516
2,153,0.2428248875237377,0.16441794416074113,0.04204354209934731,0.04169372125173397,0.41979759317191734,0.08922231179252253
2,154,0.2481004868454899,0.14595231863300007,0.03954542094920838,0.03787112792981605,0.44272203416849226,0.08580861147399331
2,155,0.23409254326784476,0.1516774439278545,0.035303343815233854,0.03411636177616134,0.46622155476803917,0.07858875244486635
2,156,0.25289224432915,0.1430807657419935,0.03220638361294811,0.033264007114167965,0.46145427204125283,0.07710232716048769
2,157,0.24203428448648945,0.1618805344969552,0.035554394804922694,0.038892796061619765,0.44246290112641945,0.07917508902359341
2,158,0.22887731984817997,0.15013790912854189,0.03475088851608439,0.03814708302194075,0.4659847902405388,0.08210200924471416
2,159,0.24014140840760526,0.16811781517511243,0.04034394855088731,0.03952854347707635,0.43224953902888524,0.07961874536043342
2,160,0.2442616423844022,0.15334715570690702,0.035011356454186675,0.036538809552169337,0.4433371213614531,0.08750391454088162
2,161,0.2257966848228026,0.1509825717256472,0.0357727180904561,0.04008642942878605,0.46667089246048227,0.08069070347182583
2,162,0.2658205481948777,0.14828419099519238,0.03980700323118084,0.039824147539964105,0.4165976435844054,0.08966646645437956
2,163,0.2646407040999269,0.15618361549396811,0.034793221720220244,0.03867685374444258,0.4237979258378241,0.08190767910361804
2,164,0.2609040430713876,0.14692620040490328,0.04148291966837162,0.03516874042178975,0.42673745430953564,0.08878064212401215
2,165,0.26307362331022033,0.15446939792334008,0.03559634372670567,0.03459527862147704,0.4309313387900888,0.08133401762816811
2,166,0.2426282910658294,0.15109294276997212,0.03418308600526156,0.03793395637766475,0.45088097709794656,0.08328074668332565
2,167,0.230840959111264,0.14891218676719017,0.041371285643448046,0.038911852166104724,0.45551944393718813,0.08444427237480495
2,168,0.23063792095584845,0.14975795635220843,0.035168257653374974,0.03359302615438151,0.4758933976238612,0.07494944126032553
2,169,0.2579427680689431,0.1386229717813127,0.03500009356582914,0.03798266609411872,0.44510716520192556,0.08534433528787076
2,170,0.24298644324586607,0.1586967185523116,0.03626434472036007,0.04239850180856916,0.43011783891848415,0.08953615275440889
2,171,0.23366266113131048,0.14957382230965358,0.03924180558043275,0.03794871146822545,0.45543340052927095,0.08413959898110682
2,172,0.2544495878982055,0.14328193578773005,0.03810273132778586,0.03662371741158731,0.44689007606115694,0.08065195151353434
2,173,0.24399766262334074,0.15989328286339866,0.03785917872945537,0.034023482105462875,0.4496305357485715,0.07459585792977093
2,174,0.23487112957055975,0.1377720180116041,0.03484830258324448,0.0380697595939435,0.47987005765555535,0.07456873258509289
2,175,0.2358261634219782,0.14082364953371224,0.040236852567459284,0.04129710492767981,0.4641863874578923,0.07762984209127823
2,176,0.23511376981107254,0.16040752933000932,0.037274124805740404,0.03698312195752367,0.4398117210235643,0.0904097330720897
2,177,0.26496358777660123,0.1490363504030018,0.03704355504232892,0.03715955966142693,0.42774449805935544,0.0840524490572857
2,178,0.2597110528646482,0.14624927777025756,0.03414355420560489,0.03476700502806096,0.4510003485064354,0.07412876162499298
2,179,0.2408403876997717,0.15741030925066532,0.039870830718758354,0.038927501083099114,0.4374125821983216,0.08553838904938392
2,180,0.24883026568229008,0.15264914410590577,0.03359007055165121,0.03694115868544854,0.4468372411498814,0.08115211982482295
2,181,0.23805681737745946,0.14394997617550412,0.0333285819546678,0.03425180040959108,0.47066987387526316,0.07974295020751448
2,182,0.25467842824318515,0.13757869285135554,0.0380904475768352,0.034888766918837466,0.4602319567658074,0.07453170764397928
2,183,0.26292862966871994,0.14638165891718005,0.03468232860056074,0.04028107729053658,0.4346306816590639,0.08109562386393881
2,184,0.2462807619083374,0.1440496607717582,0.03551439257296984,0.04115427227374404,0.454082250867719,0.07891866160547151
2,185,0.2312528445127594,0.16285632714844153,0.04201546611486041,0.04105792133182173,0.43253775689586527,0.09027968399625173
2,186,0.257946460110028,0.13597233345223406,0.03504015629871025,0.03838257560243131,0.45385362190971756,0.07880485262687884
2,187,0.23912087726221282,0.13762394200759637,0.03352672748321273,0.03584933507316881,0.46787774941494886,0.08600136875886041
2,188,0.26332226857150115,0.15955668353562347,0.03718542454828648,0.035768234608843305,0.42732264519863516,0.0768447435371105
2,189,0.2481434595109459,0.14112358516245752,0.03931189989659314,0.0392176337255102,0.4583552357408144,0.07384818596367876
2,190,0.2646012675857515,0.14272346411025447,0.037442766918399525,0.03715706379116216,0.4331324046098178,0.08494303298461461
2,191,0.26681366150719565,0.14487065773729094,0.040335879835251984,0.03435213880898337,0.43414224493656667,0.07948541717471147
2,192,0.23903328687828018,0.1614340950210111,0.0402166615463784,0.037827501810173886,0.43629608099078027,0.08519237375337614
2,193,0.24571294809760225,0.1376921450913814,0.042571597076531666,0.03904962296950281,0.44888432346422363,0.0860893633007582
2,194,0.2461157605912332,0.14056072642770256,0.04029501126832708,0.03422930729366173,0.46128428088219237,0.07751491353688304
2,195,0.2614671817683643,0.13515018470617718,0.0366090984631595,0.034439202093358885,0.44997484846454444,0.08235948450439563
2,196,0.2335025701421085,0.14151171909353438,0.0337101083267212,0.035371202657710404,0.48257878994619174,0.07332560983373367
2,197,0.24285113989150392,0.13919874685517322,0.03789264477281413,0.03778057953895973,0.46286771839196067,0.0794091705495883
2,198,0.21847721816901552,0.1406098030051611,0.035606807399306065,0.038492841099072875,0.48231327147638675,0.08450005885105764
2,199,0.2434585801517036,0.154309198405109,0.03929031962476384,0.0360194709477477,0.4434693614678635,0.0834530694028124
2,200,0.21722531498546704,0.15014782858333814,0.03388747303916113,0.03412445792615276,0.48121334713312114,0.08340157833275981
2,201,0.23970178220619656,0.12860271020301203,0.036970599488039615,0.03847319839069202,0.4732884539247705,0.08296325578728936
2,202,0.24297663079491152,0.14682664990981795,0.03663712963634086,0.03471480013183175,0.4583904840226193,0.08045430550447859
2,203,0.265974550976662,0.15445986304225448,0.034936763863145155,0.03493775904621989,0.4344735825133381,0.0752174805583803
2,204,0.24750266764003762,0.15105686828719495,0.03572687457798285,0.03843394923524722,0.44236315024731776,0.08491649001221963
2,205,0.2468667620756688,0.14376132803175892,0.03414437766934722,0.038754724711614626,0.4541855518147529,0.0822872556968575
2,206,0.26210810657298,0.16123211548574018,0.03379933643663031,0.03851337631815716,0.4183937271375621,0.08595333804893017
2,207,0.247218261719237,0.14256151389770272,0.03605839012813345,0.03862200918722373,0.4585097875565933,0.07703003751110989
2,208,0.27270119214289673,0.15975832221487912,0.04028509589584306,0.03391815890171978,0.4128689285646836,0.08046830227997773
2,209,0.24855715216494345,0.1533205546428792,0.0398390123462171,0.04020526218753383,0.4435247220412467,0.07455329661717965
2,210,0.24331859189986027,0.1337836887764842,0.03427444936315064,0.039798266591675936,0.46258428572772176,0.08624071764110715
2,211,0.24319683383611485,0.14683252699930982,0.03808131911188754,0.03297559977764495,0.45205859957543204,0.08685512069961089
2,212,0.25054003558593274,0.14496420868250073,0.03651535003982751,0.03600047890685888,0.4432826346618311,0.08869729212304901
2,213,0.25232547375660097,0.1475267673821897,0.036010487140257647,0.03795714222632042,0.4482923760305935,0.07788775346403769
2,214,0.2377610513556442,0.15224760821229752,0.036359834098694505,0.03455167857671687,0.4563873133967584,0.08269251435988846
2,215,0.2247583129258286,0.1413867472459265,0.0392219438316232,0.038425908362662284,0.4676424170782492,0.0885646705557102
2,216,0.24859492826574456,0.1491776049311248,0.036552229128625824,0.03841229202552064,0.4368223942910878,0.0904405513578963
2,217,0.27977421995223506,0.13876683967125078,0.038200909763642155,0.03550690479225543,0.42738712875835216,0.08036399706226442
2,218,0.24792046280232086,0.15596263282678913,0.03910189641348253,0.03903305023932223,0.4336603609572697,0.0843215967608156
2,219,0.23315419546743815,0.1455036513384921,0.03353182657367296,0.037849643982155054,0.47775202321620003,0.07220865942204169
2,220,0.24618795468393886,0.16197016223057306,0.03712744760048733,0.04076731958771341,0.4341579868278468,0.07978912906944055
2,221,0.2679290468669392,0.14863830107161494,0.03607923495786056,0.04013143265586207,0.4262939125281538,0.08092807191956944
2,222,0.24846918392755243,0.1357641517445153,0.03414301571099647,0.03253348465623832,0.46356477302215143,0.08552539093854608
2,223,0.24000987921676054,0.13643095996484175,0.03523113559538133,0.03449082050286348,0.48080792446804843,0.07302928025210449
2,224,0.2453809181437914,0.15580908510457453,0.03983431147314883,0.03363264059772682,0.45103328099648515,0.07430976368427318
2,225,0.26062533958414236,0.1336366042228939,0.033669518982798526,0.03442409235754459,0.4613424871298894,0.07630195772273127
2,226,0.25212045025548724,0.15073020475510387,0.037147971600768936,0.03558670548978327,0.4463649496254211,0.07804971827343564
2,227,0.2560409246412317,0.14521711392532644,0.03520535909560372,0.03905550623833898,0.439578687184496,0.08490240891500317
2,228,0.2677627117774779,0.14267836112844198,0.03945643688267541,0.040931139842235655,0.4253270096977748,0.08384434067139429
2,229,0.25596629408833643,0.14195673957171195,0.03887863359018537,0.038087707545109296,0.4467354496067179,0.07837517559793913
2,230,0.24748646405531502,0.16452138337930303,0.03780366242110704,0.03596750447636483,0.43792175283741264,0.07629923283049747
2,231,0.22170524939019065,0.15436825333486506,0.038916952616260374,0.03562324456565261,0.47196463903614394,0.07742166105688733
2,232,0.2501102056332411,0.1443737176182542,0.038887701147450715,0.04224059010487559,0.44418598236160683,0.08020180313457156
2,233,0.2538977643605092,0.1404251250247899,0.03523790315796439,0.03736184565709991,0.45197432179511704,0.08110304000451948
2,234,0.22168479925097057,0.1373913246880376,0.03356511066478946,0.033890487613701885,0.4871481552658618,0.08632012251663862
2,235,0.23246664769541975,0.14280997826833305,0.034748767420869235,0.03746732515828613,0.4678428265543544,0.08466445490273736
2,236,0.23593047566707018,0.14159026558506682,0.03362195474207919,0.038063451455198356,0.47428786055591815,0.0765059919946673
2,237,0.23978117440766558,0.16565557904375658,0.04249860215660653,0.035749647136186155,0.4347035149010858,0.08161148235469937
2,238,0.24340482393200957,0.1550998144681141,0.03404160158056259,0.03546818033695889,0.4437243471023137,0.0882612325800412
2,239,0.2555823040994151,0.15029982620809848,0.03692855993083374,0.04099552528922997,0.4305941338937814,0.08559965057864131
2,240,0.24786055000658896,0.1520049729908893,0.03715395974758006,0.03652174362731955,0.4546690672167321,0.07178970641088993
2,241,0.24793455513956164,0.15196384628466497,0.04061633100960301,0.035248622889821564,0.43908032193457525,0.08515632274177357
2,242,0.23623832331283195,0.15561801624566934,0.03675038265833782,0.03511755426046036,0.4604407876442415,0.07583493587845902
2,243,0.26875074676689203,0.1460284766381153,0.03893428937262625,0.035489215640226474,0.4225143462981575,0.08828292528398236
2,244,0.25620977899883596,0.14240824415183698,0.041140386555200616,0.03640013678293807,0.44469794296020965,0.0791435105509787
2,245,0.23710130855596015,0.15402236030874614,0.03653839254547234,0.03970854527468885,0.44887788089537617,0.08375151241975641
2,246,0.25350418984052947,0.1475354484705463,0.03425311226623552,0.03894836184604244,0.4433696218551015,0.0823892657215448
2,247,0.25193522981888994,0.14289557711936232,0.03489521361320561,0.03988471767717728,0.4451153592934583,0.08527390247790656
2,248,0.27741262344873907,0.13859423829335782,0.03550553518164377,0.04067166515767959,0.4273736249377638,0.08044231298081585
2,249,0.26615037366078664,0.1495039307702512,0.03890592122502241,0.03475351667617249,0.42588758284005485,0.0847986748277123
2,250,0.26228343562020934,0.16017672744948308,0.0415173082909892,0.037220562714423415,0.41862553634390615,0.0801764295809888
2,251,0.24143814219188403,0.13738741826027023,0.03533058904166002,0.036949073229823874,0.465024579910671,0.0838701973656908
2,252,0.2571979844831588,0.13213378533569997,0.039142713887977965,0.03974860035615384,0.4520871484169974,0.07968976752001197
2,253,0.23726470134092734,0.1346285557693207,0.03431204383245802,0.035008147641500204,0.48066675311473855,0.07811979830105516
2,254,0.22423177725431093,0.15693799122573496,0.038100701562911884,0.03647497925397316,0.46518382496508215,0.07907072573798692
2,255,0.2718707166166385,0.13382662597006148,0.03740008304378868,0.04066827370055951,0.43109513011083084,0.08513917055812104
2,256,0.24261608743721513,0.13990878316905145,0.03570336109050863,0.039960515135996674,0.4604726616123979,0.0813385915548302
2,257,0.2589829136603376,0.14135511400173834,0.040635697052923817,0.04218871541703583,0.4257559029961439,0.0910816568718205
2,258,0.22259985666166765,0.14468076276263542,0.03579530628161998,0.03796994203006365,0.47777843934196584,0.08117569292204742
2,259,0.23624712881612359,0.13559872412789387,0.03440982535693124,0.035204403062104137,0.48247149586736565,0.0760684227695815
2,260,0.24853230763942644,0.15048749940265424,0.039210882424180075,0.03500305253915004,0.4474092642866699,0.07935699370791933
2,261,0.273830193914207,0.13943057565970052,0.03589295094174252,0.03422787015655264,0.43361481883438713,0.08300359049341018
2,262,0.2672617189529621,0.15078813108538866,0.035183315605790286,0.040392015103596815,0.4316745853850043,0.07470023386725776
2,263,0.23655662465604044,0.15363673111061305,0.03684515441968611,0.03728312051969224,0.45965316861594446,0.0760252006780237
2,264,0.25345041313666655,0.1450876335594707,0.03503200154243447,0.034066396000060284,0.4588761070443011,0.07348744871706682
2,265,0.2395770913835767,0.1442280737812475,0.036057455230971314,0.037433649363671495,0.4663693275572869,0.07633440268324612
2,266,0.26650103688116233,0.14549427225872472,0.034841057976658464,0.039541074312149684,0.43084004526308894,0.08278251330821582
2,267,0.25596167523926133,0.13941043068165443,0.032684880805489494,0.03273094331756996,0.455017417070059,0.08419465288596577
2,268,0.2516467520675262,0.14677398360750474,0.033164475295811235,0.03279080111601694,0.4531423380875298,0.08248164982561107
2,269,0.23811410931117535,0.14840362873933674,0.037613197461162075,0.03727479377540529,0.4503367175252034,0.0882575531877172
2,270,0.22464683102061844,0.13357555033196974,0.03623754771104965,0.0371965801347279,0.4924857517110314,0.07585773909060285
2,271,0.24394884585747664,0.13911899946850229,0.03496156731542044,0.039478709209562465,0.4577603050752718,0.08473157307376625
2,272,0.24235550183055662,0.139003222391792,0.03717465550193172,0.03540261083302824,0.4634092254013039,0.08265478404138758
2,273,0.2512957133506746,0.14908541889242632,0.037425203938525504,0.03334650256150921,0.4510826667138343,0.07776449454302997
2,274,0.27392784342661497,0.13538484022597957,0.04037331299471552,0.034027552114293674,0.43143684293342544,0.0848496083049709
2,275,0.25035485940331365,0.14003705182038872,0.04037341982278051,0.04224926406973909,0.4416949158741659,0.08529048900961213
2,276,0.2384262722661583,0.15350258580199025,0.039544428451322604,0.03741645199200729,0.43841580268456876,0.09269445880395277
2,277,0.2653013264325771,0.13888306717533042,0.040788572571901764,0.03543421760054131,0.4333956310066056,0.08619718521304384
2,278,0.26659664095088825,0.13488217925896562,0.034394967641809146,0.03472630270023349,0.4488351802026255,0.08056472924547801
2,279,0.2402902595936029,0.14415302247997364,0.038530631903921725,0.03558222790118879,0.46874704817073065,0.07269680995058231
2,280,0.26101958341658293,0.15111970031454416,0.03892438010946898,0.034026629090239235,0.426334986811648,0.08857472025751664
2,281,0.24931275934391434,0.14733063426838663,0.031852496847552016,0.036628580507097094,0.45572199469284325,0.07915353434020668
2,282,0.24400431659953972,0.1661550738151844,0.03880034761793542,0.03808388462562263,0.4349358650933112,0.07802051224840659
2,283,0.2501711613480022,0.13847639775845225,0.03854534005614674,0.03845491148670763,0.4456657322330123,0.08868645711767889
2,284,0.2593789582246658,0.13928920731607072,0.035611397463012645,0.03930974638347696,0.45449949840564774,0.07191119220712622
2,285,0.23729629860821222,0.1458556126316987,0.038987733163488324,0.03812607533137184,0.45865583177444985,0.08107844849077915
2,286,0.251919368322276,0.13786987771964052,0.03809565310944536,0.038962988908381964,0.4575264285598544,0.07562568338040172
2,287,0.24028216415014697,0.15754959702466056,0.040150644222530334,0.04183913037422708,0.4346849019074291,0.08549356232100595
2,288,0.2560026471487129,0.13067870675293872,0.033940027552187134,0.03916065895155463,0.45838968609845293,0.08182827349615365
2,289,0.2437773996448526,0.14299175985469467,0.03742148849538964,0.03502809961265421,0.46194439468677123,0.07883685770563775
2,290,0.2646101375833492,0.14788682149277568,0.03916017454305051,0.03674187791533046,0.42384317181210984,0.08775781665338428
2,291,0.24325668315715288,0.14075470308910815,0.03675972469043761,0.03884347246619445,0.45788755973770945,0.08249785685939746
2,292,0.23820428048005587,0.1337509858449531,0.03901973943884881,0.03671241838580716,0.4710220061677645,0.0812905696825705
2,293,0.24033807061500714,0.14930913820980649,0.03682553275811124,0.03659735578923009,0.45607096414952714,0.08085893847831792
2,294,0.25920278806817587,0.15437806756138603,0.03462178994978278,0.037558159047293635,0.43704810280079903,0.0771910925725626
2,295,0.2369553705485289,0.15298475073094722,0.03807027574136295,0.04079239171845199,0.4466389914430329,0.0845582198176761
2,296,0.24207332984403943,0.1349777838355084,0.038277147172696424,0.0371108718718788,0.4733448450268554,0.07421602224902153
2,297,0.2453063434649021,0.14335724669074065,0.03848297846263663,0.04081006366635697,0.4484636508946976,0.08357971682066609
2,298,0.2531926150879207,0.1484780545548317,0.03267659191348032,0.0342154479693588,0.45148085481000316,0.07995643566440526
2,299,0.2619982413542738,0.1422781861677099,0.03880802590918136,0.037092973835828276,0.4338547433642047,0.08596782936880208
2,300,0.249268917908912,0.14929000167703824,0.03762973993810779,0.03575117236723552,0.4408684429407841,0.08719172516792242
2,301,0.23892372155890054,0.1374161462163264,0.03829005411291381,0.03770111638506978,0.4650979579337287,0.08257100379306079
2,302,0.24323803391231802,0.13875001695228303,0.03976453753605391,0.04033890489364115,0.450437703190464,0.08747080351523986
2,303,0.25749861650508526,0.14701580941829684,0.038052067073501325,0.04105620568897584,0.43646102850578467,0.07991627280835607
2,304,0.27034735689884337,0.15789299796636316,0.038037622755712215,0.04035032888618417,0.41608112517279416,0.07729056832010284
2,305,0.266935605527391,0.14013042525045424,0.03630565488717934,0.03603908302619393,0.43398784643611343,0.08660138487266811
2,306,0.2302908091021151,0.13272026759337546,0.040078919388971596,0.03851701556593059,0.48248598535293874,0.07590700299666849
2,307,0.25495218066637937,0.1423572361132283,0.03659516457695279,0.037784849402950224,0.439918701943848,0.08839186729664128
2,308,0.26537149225397516,0.1439525272329719,0.03535056487787565,0.03996816759973479,0.4332636851363309,0.08209356289911161
2,309,0.24100117820055222,0.15016212118108296,0.04126584732573256,0.035248435343921414,0.45062614553512964,0.08169627241358123
2,310,0.2651486236448492,0.14064734247563324,0.03665068942941575,0.036713676006277424,0.44232265031458307,0.07851701812924129
2,311,0.22434142040043215,0.16081815627778967,0.0346250035598286,0.03467249992344105,0.46003913805776186,0.08550378178074668
2,312,0.26278666558053393,0.1471950556304252,0.03441113812176918,0.03457906648372075,0.4411060750462714,0.07992199913727963
2,313,0.23187380230751364,0.14793225130494977,0.03615607574777817,0.03591199560555914,0.47074639776189486,0.07737947727230447
2,314,0.24702924582293687,0.15557737604649724,0.03604130339539738,0.04093217958076207,0.43095486808089223,0.08946502707351421
2,315,0.2448575338219741,0.132635769374682,0.036837484052731406,0.03859932206224971,0.4676503727267984,0.07941951796156453
2,316,0.2653049130683246,0.13672346964025323,0.0353105486279724,0.03445148103559027,0.4527155560028328,0.07549403162502671
2,317,0.2542879414099614,0.1303319831742636,0.037904316348924154,0.04031139257874306,0.46398051086127967,0.0731838556268281
2,318,0.2680245469940089,0.15696886802740853,0.041381477304424895,0.041250870994276975,0.41410929355069725,0.07826494312918343
2,319,0.25254810160672514,0.1552558325028636,0.03724533988089362,0.03785285283301333,0.4327925310323794,0.08430534214412495
2,320,0.2306732264473174,0.13516311414883034,0.03735934401618001,0.0357177688845623,0.47992479300253926,0.08116175350057071
2,321,0.275898482666213,0.14259762829202968,0.03876597930178159,0.03809548587938869,0.41806797552297364,0.08657444833761345
2,322,0.24524204640129205,0.14722996363783764,0.03296336885773704,0.03571291086414216,0.4587622450966182,0.08008946514237288
2,323,0.2389291937721243,0.13924062323468217,0.039990384305331604,0.03609763003698716,0.4707325277991547,0.07500964085172011
2,324,0.25370294899756735,0.12880494724477076,0.034200391582517635,0.039290497884982435,0.469244403807112,0.07475681048304982
2,325,0.23431171425803082,0.1439333073318321,0.0374747271556762,0.03382137032670742,0.47180020579901466,0.07865867512873873
2,326,0.2227671825179337,0.14686433599868096,0.0397784435793656,0.03632916807363341,0.4770079355738045,0.07725293425658195
2,327,0.2576985445478261,0.14743891410930896,0.03680223877288679,0.03970091051797079,0.43891679228398967,0.07944259976801768
2,328,0.2702740302685164,0.1494482218615346,0.03894408469262875,0.03835208987743243,0.42181774604483824,0.08116382725504964
2,329,0.24794517953724474,0.13771199647699275,0.03955174660398402,0.0362948726598667,0.4595525482342037,0.07894365648770806
2,330,0.24394947128093425,0.1445366876226166,0.03383748494433944,0.035163293325791115,0.4646930161619933,0.0778200466643253
2,331,0.24009205625761365,0.14766581261880332,0.03822732068970014,0.039804981547787596,0.4523067572983745,0.08190307158772085
2,332,0.23913375671531603,0.15789119191219064,0.035923356775836426,0.0349206423524002,0.4459938509945101,0.08613720124974665
2,333,0.2621043370563307,0.13345676965654635,0.0371420517489938,0.03937866135436489,0.4430950364389151,0.08482314374484923
2,334,0.26446809580673936,0.13980584263662788,0.04143711972123196,0.035010528300235315,0.4278948702182199,0.0913835433169455
2,335,0.23109192154854424,0.1530575746500417,0.03693934258668948,0.036284744264716694,0.45596441275615657,0.08666200419385123
2,336,0.24667795914394483,0.14800991549123457,0.038363998456130755,0.0396407414668903,0.44772795067649795,0.07957943476530151
2,337,0.2702068223202605,0.15397515029784212,0.04043917724437561,0.03448714487607163,0.4142551800780055,0.08663652518344461
2,338,0.2636176347463583,0.1543434421776334,0.03479122083879606,0.03863430487078012,0.4302674300411295,0.07834596732530275
2,339,0.24641298367156436,0.157909808420778,0.037917776285911343,0.041990788605308985,0.42682534813332423,0.08894329488311309
2,340,0.23817416394472454,0.139233781728448,0.03255402843585212,0.03484508557865516,0.470873366878069,0.08431957343425112
2,341,0.2500752216753745,0.1487011075435531,0.03658342789640016,0.034084003466065896,0.44750087289234497,0.08305536652626146
2,342,0.24094731987865856,0.14700189094876923,0.0358927967089889,0.03549358701582458,0.4541948425342374,0.08646956291352122
2,343,0.24643003847169348,0.1490732675373318,0.03931498438223879,0.03529419850036487,0.44252695255830504,0.08736055855006604
2,344,0.2586141832035106,0.14338921545754668,0.034844527698722844,0.033294954750189266,0.4551148833912859,0.07474223549874459
2,345,0.23410553427492087,0.15138300415389705,0.04075234252556418,0.03612758626376048,0.45828666821763897,0.07934486456421845
2,346,0.2526216792847154,0.13959790628829852,0.03614991642933161,0.03756192943944959,0.4613532489551983,0.07271531960300656
2,347,0.24383957248359547,0.1393030734298099,0.03547129790562149,0.03526607754298592,0.452776366362354,0.09334361227563315
2,348,0.23871327822512686,0.15185568240306355,0.03771134563091999,0.03266382160492758,0.4569912662790333,0.08206460585692867
2,349,0.25139628321968344,0.14883714614938687,0.03437235737538418,0.03667184188462184,0.4435064587334862,0.08521591263743745
2,350,0.25811457821437156,0.13720929645170346,0.035814827517881974,0.035838154295537494,0.44657281859914266,0.08645032492136277
2,351,0.24816012250858185,0.13942513201499748,0.03311591945146842,0.03713010014377693,0.4675364087529061,0.07463231712826929
2,352,0.2531725712460958,0.1628147451016197,0.039955291494791066,0.038309843315358014,0.42023000682323863,0.08551754201889677
2,353,0.23229162335332598,0.15330028997339382,0.03682645236578001,0.03736304354914225,0.466983865824755,0.073234724933603
2,354,0.24416401612861083,0.1510517438872294,0.035743722675008756,0.0410404903979134,0.4378643534974338,0.09013567341380375
2,355,0.2351231212677928,0.1540756369301306,0.0350400553488872,0.0373110000350794,0.45609051275201223,0.08235967366609769
2,356,0.24021436563149823,0.14728092030955672,0.03826732164580324,0.03728614285867957,0.45356072252123475,0.08339052703322745
2,357,0.25559866829618094,0.15027725311661247,0.037446400860728236,0.0339050705942926,0.4473444165922273,0.0754281905399584
2,358,0.254082022173119,0.1654012522367418,0.035006097247656597,0.034977258025770466,0.42653635514010113,0.08399701517661108
2,359,0.23868354554731644,0.14107508441857222,0.03447556498933996,0.039553124786032616,0.46723778573561886,0.07897489452311991
2,360,0.2364770852947036,0.13997301765158973,0.04044049838927722,0.03965318788202032,0.45490977190635984,0.08854643887604931
2,361,0.24853892051873078,0.1481665916158709,0.039834511485870375,0.03398175701929923,0.4563385455291678,0.07313967383106099
2,362,0.2415342589734997,0.14483392646616797,0.037133176416726955,0.034809139516961525,0.47051831035084457,0.07117118827579937
2,363,0.23531932774383024,0.14353729231910498,0.03451137772217945,0.03740739896892234,0.4730051249000237,0.0762194783459393
2,364,0.2293749527068981,0.1446948195800128,0.03704063011102903,0.03569572672809117,0.4663395073317286,0.08685436354224033
2,365,0.24341009478423845,0.15278040452967714,0.04150386431471806,0.03710757794593867,0.4444397676610728,0.08075829076435492
2,366,0.24094860596968254,0.13457961091579138,0.03630177868654563,0.033422393828154935,0.48045960263864634,0.07428800796117904
2,367,0.23558783002000006,0.15189919592589146,0.038440645444085736,0.0410220771332191,0.4427755135495127,0.09027473792729092
2,368,0.24751735886733187,0.15554962376439704,0.03780871075462973,0.03609484995292072,0.4479463681578121,0.07508308850290857
2,369,0.24915062776007932,0.1408147572729487,0.0356797292607312,0.034203170390711864,0.4561541378955209,0.08399757742000794
2,370,0.25714466586208995,0.14629571670781558,0.03723918667230478,0.040148408002938264,0.4396020654415424,0.07956995731330897
2,371,0.2358548637926279,0.1521080891701692,0.03371502770361435,0.03801383518817505,0.46645321530480743,0.07385496884060605
2,372,0.2489889525252134,0.14317430617652538,0.03736295424754921,0.03903035504983484,0.4409627452790922,0.09048068672178503
2,373,0.27376574988460944,0.15980567176952593,0.039132475234538236,0.036087400649836864,0.4123302546811393,0.0788784477803502
2,374,0.2731319363872334,0.13444663412367133,0.03580467061904664,0.03800298784613072,0.4374023152736995,0.08121145575021846
2,375,0.26460312226505434,0.14371416631827963,0.04067077781049568,0.03409977807450314,0.4280075278194527,0.08890462771221454
2,376,0.25166387888430847,0.13740346352840793,0.03594024475427333,0.03172277851558609,0.4598179316487812,0.08345170266864306
2,377,0.26778582483935454,0.13584839688803305,0.039080049526667444,0.0377137733956599,0.4321709392337192,0.08740101611656596
2,378,0.23897550704866077,0.15157859788563272,0.03511163152628883,0.03934085995162759,0.45502816003145286,0.0799652435563372
2,379,0.23394544550902996,0.15575067145329577,0.03777862465940723,0.03617156001572554,0.453494800336265,0.08285889802627655
2,380,0.2428783720480694,0.13627991129830058,0.03850434403848508,0.03549820691375638,0.46682451437138756,0.08001465133000091
2,381,0.25729091818829647,0.14537579067884304,0.034590319002359135,0.03606723600254863,0.44040643531519563,0.08626930081275698
2,382,0.2510938286911992,0.12772254335608402,0.03655217129799112,0.03678133946993784,0.4684237795499108,0.07942633763487707
2,383,0.22869416632762446,0.16347395886492452,0.03811246237371405,0.03912917473457451,0.44740960520619105,0.08318063249297143
2,384,0.24443337388275485,0.15120611842489107,0.04098715643174649,0.03707669943402022,0.4315893179664981,0.09470733386008937
2,385,0.26174980394238345,0.13659967211481888,0.03543980433814089,0.03494923113384556,0.4515770676349239,0.0796844208358874
2,386,0.23241323601532463,0.1385228399959708,0.036356873340875444,0.036044593661995056,0.4653982012833982,0.09126425570243586
2,387,0.26062626190558985,0.14192835722804253,0.040486981683227875,0.03645500723990894,0.43751430465556246,0.08298908728766838
2,388,0.2334443589440144,0.14270076422631348,0.03705808530650406,0.03858382763563533,0.4592046335206997,0.089008330366833
2,389,0.22610713989555037,0.15295460712895204,0.036394173738727956,0.03300594795170591,0.46605881601733884,0.08547931526772488
2,390,0.23777617355960298,0.1418310555544312,0.041597074208765066,0.04155589447136408,0.450116621892886,0.0871231803129507
2,391,0.24378361373024457,0.1464679109077016,0.03438539976884188,0.03242868229054545,0.4704912744175909,0.07244311888507561
2,392,0.2401720575494142,0.15242192422935114,0.04056092235989323,0.03875108358805538,0.44675309570529637,0.08134091656798965
2,393,0.26353488367781486,0.14375334952930535,0.034866464764702634,0.03673876250604714,0.4354022360006332,0.08570430352149679
2,394,0.2281107219338819,0.13833685824206315,0.03914584099862046,0.03514130147767097,0.47637425813824175,0.0828910192095217
2,395,0.2446452031714006,0.1562172274638895,0.03770965099371549,0.04275465739010153,0.4361085210640199,0.08256473991687298
2,396,0.25813471187243775,0.14043936477556615,0.03535071024535394,0.03882454580274051,0.4463132641183948,0.08093740318550685
2,397,0.2518326046244135,0.13905534571378486,0.035425365241134654,0.03153402773962715,0.4617522644454738,0.08040039223556604
2,398,0.24367505614673357,0.1440881774921206,0.03806914849469632,0.03901575935371063,0.4460564177425136,0.08909544077022528
2,399,0.24617768359188297,0.13833919082912732,0.03682121959834915,0.03721949600047041,0.46360006026106276,0.07784234971910742
2,400,0.2583496580645401,0.1525981867716092,0.03620346496084481,0.04086628925366972,0.4230408304017065,0.08894157054762981
2,401,0.2366772139241136,0.15333519149797484,0.03477597263791398,0.03827183202826814,0.4612212310774559,0.07571855883427352
2,402,0.2371399291957597,0.14491628489858444,0.032773963128552255,0.03624254155981995,0.4677749746709648,0.08115230654631887
2,403,0.23530142470875914,0.1402818977642526,0.037036152235543233,0.036637773859881415,0.45991281993008326,0.0908299315014804
2,404,0.25626343693468706,0.1577118309160041,0.039651216615347706,0.03587696338448552,0.43523196550842885,0.07526458664104671
2,405,0.23113259865707791,0.14864564010390333,0.03874494706104179,0.035170862900510094,0.4742026206429144,0.07210333063455258
2,406,0.2495430212357098,0.14102381966002467,0.036871747839464515,0.039234592736759465,0.44656193939416183,0.08676487913387984
2,407,0.23497330944080305,0.15955658206281492,0.04171044877929769,0.039287554031640234,0.44073495523561257,0.08373715044983149
2,408,0.2673001740797576,0.1586841598397725,0.036509598032030396,0.03648059814524703,0.42483649517607563,0.07618897472711683
2,409,0.26381450168771176,0.15325847692914804,0.03487578509636237,0.03445893447702576,0.4382448346654795,0.07534746714427251
2,410,0.23873555175366956,0.1616582886179252,0.0392203010303594,0.03914772670411183,0.44458984691720904,0.07664828497672502
2,411,0.23827199145009387,0.15665419057695887,0.0345503603906553,0.03347998795692381,0.4520378040294741,0.08500566559589401
2,412,0.24084636324883865,0.13060994658741307,0.03778959823335289,0.039309341461624285,0.4647213102270376,0.0867234402417336
2,413,0.2638265714977754,0.15992018958479304,0.03677791436316857,0.03868647122541154,0.41216565332839555,0.08862320000045595
2,414,0.2358748535825518,0.15503292772928262,0.034533157025656784,0.03473833275512686,0.4532785037509062,0.08654222515647578
2,415,0.2519995331148303,0.14557294861022932,0.036865275067788146,0.0371736694801591,0.43654312602901346,0.09184544769797968
2,416,0.25723893542096565,0.1388498608959829,0.03785904029671327,0.03533569185515903,0.4611151413561577,0.06960133017502144
2,417,0.24117822184771862,0.14991174901210239,0.03524464561063568,0.040531339982436236,0.4497643630241931,0.08336968052291394
2,418,0.2334752897911151,0.15109429108492772,0.03364128820541884,0.03463716184793912,0.46164911810374537,0.08550285096685388
2,419,0.23292479072819308,0.1663520011067675,0.0391437456240899,0.03610491325252095,0.43677632328531696,0.0886982260031116
2,420,0.2530474967318628,0.15296351374585387,0.03910991337071501,0.04137303234861288,0.4237939766348604,0.089712067168095
2,421,0.25768402778931115,0.15658311106157594,0.03783698724739303,0.03778518588961668,0.4209786890001643,0.089131999011939
2,422,0.23144320605766752,0.15907636281350793,0.03363846087103958,0.03483411367580617,0.4528065693370695,0.0882012872449093
2,423,0.2317039398944987,0.15977063641334877,0.03703689537072754,0.03447746356798723,0.44603692668464584,0.09097413806879194
2,424,0.22626230581811077,0.14113385483312113,0.034789732935391095,0.035981947953813195,0.4780871510540169,0.08374500740554687
2,425,0.2622110728882077,0.15341239770961407,0.03807265076407655,0.03958778343227515,0.4229940894821637,0.08372200572366281
2,426,0.26135442251774516,0.15289242887707635,0.03922338685440205,0.03852770679645988,0.4327264618789071,0.07527559307540936
2,427,0.2668388860680544,0.14874356916726472,0.04014104113759581,0.040838150172961794,0.4276711079854093,0.07576724546871393
2,428,0.23691048763849606,0.16154590621475287,0.03904842991364769,0.03826874802105924,0.4409954711589425,0.08323095705310163
2,429,0.2557753689215032,0.1347502190127968,0.03753784129427391,0.0327465207014021,0.46283841440197065,0.0763516356680534
2,430,0.2336295965314139,0.14424376118408958,0.03375660993032603,0.034720996495990405,0.4745690043851193,0.07908003147306071
2,431,0.25928443042420957,0.1399529879314182,0.03987983197799091,0.0391354225343655,0.4410379735640914,0.08070935356792451
2,432,0.23231463079937567,0.13636113736991565,0.0361305098362621,0.03702728380932096,0.47239730379998546,0.08576913438514017
2,433,0.23303865668915083,0.1529927131415527,0.03807960178553647,0.03755481508035217,0.45772855501405746,0.0806056582893504
2,434,0.24255426476567202,0.14880923302077048,0.03794994867894916,0.03819374630495997,0.4478876456549656,0.08460516157468276
2,435,0.25002531832579294,0.15563961091106224,0.04267812795468651,0.036904591011491454,0.4320603375055634,0.08269201429140347
2,436,0.27558353774153693,0.13681454425477474,0.03949660687756197,0.037048519514679745,0.42035437663622716,0.09070241497521953
2,437,0.2325165859964521,0.1544863502491867,0.036257852062967756,0.0349342243864525,0.45876408364672716,0.08304090365821387
2,438,0.27305067062839716,0.14898320955021926,0.04150390137560527,0.036348165507415015,0.4136059611045889,0.08650809183377439
2,439,0.23700008628970726,0.1475842608728423,0.03810739780849684,0.04204533401163547,0.44771533680811915,0.08754758420919902
2,440,0.2477992308039723,0.1385241102245901,0.03842844131104073,0.03977869945717973,0.45937173741291404,0.07609778079030304
2,441,0.23809233564360338,0.147718992894201,0.03317574773981474,0.0378004594594497,0.46331392109843983,0.07989854316449131
2,442,0.2298243911084606,0.13119202252596304,0.039213755549992464,0.03469997139161534,0.4827319181947372,0.08233794122923134
2,443,0.21648037072175935,0.1539884029674158,0.03907915174103285,0.036732364696630604,0.4742977247044181,0.07942198516874327
2,444,0.23169609550248194,0.14257514458614223,0.03605434570097626,0.03513662787388475,0.4741562523331582,0.08038153400335664
2,445,0.25762404047982956,0.14142044119740443,0.037454370187000666,0.032576814657876055,0.44816687658218446,0.08275745689570478
2,446,0.27220644464293736,0.14109216812853745,0.03620194987511215,0.038848163817925205,0.4258232622378927,0.08582801129759514
2,447,0.25394320717665997,0.1543413905524486,0.04065191288078655,0.037365901922808024,0.4258697299887706,0.0878278574785262
2,448,0.24554672166217026,0.14905778781595797,0.035981940295986406,0.03969616220339603,0.44113401106824607,0.08858337695424325
2,449,0.2548923206616947,0.13906260261947864,0.03529954574906512,0.04025010691709656,0.4442237126361408,0.0862717114165241
2,450,0.26333727957012265,0.14001692699692753,0.03886072037997625,0.03979057646450267,0.4304734262463196,0.08752107034215131
2,451,0.25026232916903235,0.14152275870953882,0.03521683826867928,0.03405819855497008,0.45954124323589907,0.07939863206188029
2,452,0.2459225973268632,0.14884395363683461,0.034299359217187776,0.03477987779847592,0.4477753024137522,0.08837890960688632
2,453,0.24524544391078149,0.15816877190985673,0.036525226045892756,0.036064619714646994,0.4418383896058906,0.0821575488129314
2,454,0.22891048568710645,0.1408018884053212,0.03645944362472744,0.0396870099841418,0.46608605980440787,0.08805511249429529
2,455,0.24069383678059988,0.14397374751301767,0.03703149486992831,0.0376822653254062,0.4608913897365798,0.07972726577446827
2,456,0.2629890902158963,0.13513389945531598,0.03408478901418007,0.03880735494619024,0.4440913851677814,0.08489348120063595
2,457,0.23590781766880559,0.1591658825439423,0.03770101256610277,0.0367249654934356,0.4442758720898837,0.08622444963783002
2,458,0.22429677882138074,0.1377889154861698,0.03875729609274466,0.033499005307850854,0.48410819044962433,0.08154981384222969
2,459,0.2744643437369811,0.151887727916792,0.041020759224723466,0.038062146670402024,0.415823034514266,0.0787419879368354
2,460,0.23714887171773222,0.1406504991939481,0.0371906710734837,0.03772791605233879,0.47471452405766207,0.07256751790483522
2,461,0.24016560273582419,0.1505376232016924,0.03840565918673828,0.03643359115845574,0.45252580985808866,0.0819317138592008
2,462,0.26628852967287453,0.13991675853196084,0.04115142247527596,0.037989475806249076,0.423809072311829,0.09084474120181057
2,463,0.2364562641058701,0.13897758821149414,0.03885179826456845,0.03460813791567205,0.47112586788967903,0.07998034361271623
2,464,0.23320538388722226,0.13775141035873661,0.04164762759154326,0.03533196862828451,0.4613261632076252,0.09073744632658823
2,465,0.2746750183473825,0.1416083067256822,0.041100721989167865,0.036462621030421055,0.42837086352863973,0.07778246837870662
2,466,0.22983555934475647,0.1435409968776702,0.036137698443098276,0.03459905473279662,0.476164035097156,0.07972265550452251
2,467,0.23716803801817024,0.1515645141260401,0.03730851580203202,0.03256923434655467,0.45894301277935295,0.08244668492784998
2,468,0.23455762784556566,0.152676630805714,0.03905329490068313,0.038179432502155344,0.4546461742460951,0.08088683969978672
2,469,0.225924399731568,0.1498049742637429,0.03816579724745386,0.03348234845943402,0.46792856448548037,0.08469391581232075
2,470,0.2521821852443321,0.1361620962744252,0.03377906995767087,0.036537634855346675,0.46927962401606244,0.07205938965216267
2,471,0.23099162378250093,0.1548441035213043,0.03827685582904064,0.04124574257672036,0.45112015777861314,0.08352151651182055
2,472,0.21864945413450385,0.1538220330090473,0.03548857060284628,0.03428841966723747,0.4770155624328567,0.08073596015350851
2,473,0.23651219485797864,0.14243537316549737,0.0342397494541841,0.03506741254756088,0.47780583192479054,0.07393943804998857
2,474,0.2358441514594099,0.14010102112787395,0.038068368080659686,0.037841886313668235,0.4647146679820902,0.083429905036298
2,475,0.24280223805901602,0.13601543913968908,0.034002670041427076,0.03739405264767826,0.46245171070076363,0.08733388941142599
2,476,0.24895045545503441,0.15120181291917123,0.036459684711481095,0.040821444754717814,0.4355398467210658,0.08702675543852963
2,477,0.24604489460085455,0.14423724271889066,0.03681700855586607,0.03471474084744277,0.46607030393147403,0.07211580934547202
2,478,0.23017218656842828,0.15106200652817195,0.03276983892367093,0.036458150532801784,0.47010481128421316,0.07943300616271387
2,479,0.2386820903666384,0.15630349731103851,0.041737451295068485,0.041524603074639954,0.44292110056420564,0.078831257388409
2,480,0.2571830362038726,0.14798276339562222,0.035760012969162334,0.03530475953825164,0.4368513104733426,0.08691811741974852
2,481,0.26075383348866094,0.15401158907185156,0.03448694255077154,0.03297136866338874,0.43863843448517736,0.0791378317401499
2,482,0.26534359380874867,0.13665866837895146,0.034390010831236745,0.04012272522048136,0.44382206980791084,0.07966293195267088
2,483,0.2552824571095213,0.15266680565635066,0.041659509310456845,0.04152832869651616,0.43219877562983544,0.07666412359731956
2,484,0.2197149016049769,0.15062656103573774,0.03887113332133371,0.035781276142118915,0.478497863266374,0.07650826462945873
2,485,0.2360057286843586,0.16579210648590575,0.03949102526501634,0.03551751529439335,0.44228519317320814,0.08090843109711784
2,486,0.24756981048829,0.15207485294027503,0.040128901745521466,0.03768797850390195,0.43846360940630974,0.08407484691570183
2,487,0.2637793080095343,0.15451292881511516,0.03852135083232327,0.03442828703134699,0.43397013702048964,0.07478798829119072
2,488,0.2655258553156948,0.15540469386765213,0.035719906773437296,0.04093365320130182,0.41508806738159804,0.08732782346031596
2,489,0.23156377221976474,0.14616346925066007,0.037779673277198986,0.03677318457436557,0.4669575403393636,0.08076236033864712
2,490,0.22954645820984676,0.1528541129192117,0.039134814967667256,0.03359748393258103,0.47174151927724706,0.07312561069344625
2,491,0.21805857323994451,0.14971832945670155,0.03870619095527787,0.03418821036815227,0.47655971083123,0.08276898514869384
2,492,0.25034549072620765,0.15840479948186376,0.038225556781296084,0.04209349136843763,0.4302442737979695,0.08068638784422544
2,493,0.2435238029012241,0.14431517425228033,0.039197927983885876,0.03835733863674476,0.4541873032810305,0.08041845294483452
2,494,0.2521279968362734,0.15618007240769083,0.036976705452121506,0.04079346268472098,0.4336294594496337,0.08029230316955958
2,495,0.23784746427093628,0.1411996137223867,0.03891268283583199,0.03843716202547039,0.45826436543387694,0.08533871171149766
2,496,0.2593300807661447,0.15294314895362823,0.03496436201109784,0.03614646034932502,0.43227328719996666,0.08434266071983762
2,497,0.25972576532535857,0.1361092059527773,0.0392679891187518,0.03863031525647041,0.4405884656267187,0.08567825871992321
2,498,0.2502733579229827,0.15138418088253983,0.032189595140387744,0.031838105203317445,0.462850099450739,0.07146466140003317
2,499,0.23416182792289456,0.15091964960868498,0.039159110459622386,0.03892326246636924,0.4566116006405136,0.08022454890191535
2,500,0.23949239948958412,0.15489372427194284,0.04303290287980398,0.037090626963437325,0.4430561709296039,0.08243417546562781
2,501,0.24269808677408572,0.1526511509676577,0.03881161341427251,0.039829939760427514,0.4494487330175167,0.07656047606603994
2,502,0.23334904789603575,0.1466662120214402,0.04137125787716651,0.04209193898358942,0.44403385020320746,0.09248769301856063
2,503,0.23039121929720474,0.1419836052337169,0.03684718076647795,0.034501692381567264,0.47335730423649847,0.0829189980845347
2,504,0.24222538501816326,0.14831334134923177,0.03672423928120705,0.03926358212791635,0.449234569490576,0.08423888273290553
2,505,0.25272667435734986,0.14134167275381251,0.0432358497343245,0.043046262587775164,0.4298683981010475,0.08978114246569048
2,506,0.2549767932647047,0.1512240192184073,0.034938940187839176,0.03377437366076683,0.45447474862364035,0.07061112504464162
2,507,0.2530291564778958,0.15401670888527483,0.036114495451994306,0.040503732731250554,0.4276946865226277,0.08864121993095683
2,508,0.2373290180778166,0.1367274302244688,0.037528443285255904,0.03920764924730794,0.4707381573895022,0.07846930177564858
2,509,0.24199905201345975,0.1373092412918945,0.038013132635594145,0.036480991002823177,0.46222173809089834,0.08397584496533013
2,510,0.23659187806784696,0.1462793213632276,0.03396558269101157,0.0407451332076346,0.4656528994467946,0.07676518522348473
2,511,0.2571739766176381,0.13292241435904006,0.03530441084425059,0.03916648292835528,0.4631519009695967,0.07228081428111943
2,512,0.23576008398781212,0.13122747639215226,0.03985550736031941,0.039201231407620135,0.473128555267238,0.08082714558485796
2,513,0.24299624269032924,0.14017768881622,0.03658697296273907,0.036085595381425056,0.4575063575808031,0.08664714256848348
2,514,0.2609447698308713,0.14897950945586833,0.04081500980995964,0.03694046530858104,0.4306120923604631,0.0817081532342566
2,515,0.24532881961826858,0.14713366606051362,0.03643525298380708,0.03460509226312917,0.45630657775588496,0.08019059131839658
2,516,0.23388392438399694,0.14840658931479186,0.0367235413621872,0.035871383305414326,0.4643050651855074,0.08080949644810229
2,517,0.2553485583034339,0.1293269632936214,0.0355824146547381,0.03388412694657356,0.46859463918705097,0.07726329761458209
2,518,0.23316920890531273,0.15788187371794316,0.03982820647728195,0.04012579696749111,0.45651638641414416,0.07247852751782684
2,519,0.26869926132352745,0.14456948950515314,0.04208705254245034,0.03925325292374128,0.41905372439200733,0.08633721931312043
2,520,0.2229690007925001,0.13693606227122693,0.03618644690265048,0.03564678279689048,0.48229734928332924,0.08596435795340282
2,521,0.23054693823189848,0.16112935166586095,0.03487772500834689,0.0347017529271992,0.4482562816853114,0.09048795048138301
2,522,0.2193526005461071,0.14683701384631587,0.03844667311628343,0.03600472116923541,0.47852218927099505,0.08083680205106313
2,523,0.26201058357974816,0.14675974813249998,0.0389717799046247,0.036747085327376985,0.43259683560937134,0.08291396744637887
2,524,0.24160933189704795,0.15442484632719594,0.03585896659502538,0.03814148702985158,0.4442184596092589,0.08574690854162026
2,525,0.2573455158929715,0.15218356436964453,0.037791594957431736,0.03429418210030308,0.432125690175665,0.08625945250398413
2,526,0.2362923236432469,0.14414065829246805,0.03536821727280227,0.03759181192042197,0.4638770631861449,0.08272992568491588
2,527,0.24285567777102515,0.16354912046064424,0.038706248275192555,0.04145762120730237,0.4275158339757263,0.08591549831010935
2,528,0.2397558259291038,0.15321365616624957,0.04030760530809916,0.0356381754953769,0.44915131170073125,0.08193342540043935
2,529,0.26624417760382085,0.13428430120562193,0.03768841294921691,0.03795324842062515,0.44240580081147124,0.08142405900924404
2,530,0.24626241406494165,0.15710726273848474,0.041756325516120005,0.041404978199170946,0.4292533858854814,0.08421563359580127
2,531,0.28007467420860294,0.1410991987147919,0.03540422366881953,0.039953265918480266,0.4248610286218651,0.07860760886744031
2,532,0.2423825780405828,0.1529410674222686,0.035782193370714505,0.034208160321106726,0.4571794366751365,0.07750656417019086
2,533,0.25773932496130575,0.1445243140737268,0.037581778339394675,0.03796691419498956,0.44660807025370847,0.07557959817687468
2,534,0.25546147547786974,0.14212791372702402,0.035875786282552405,0.03655224410786933,0.4549162138550939,0.07506636654959072
2,535,0.2317465618041728,0.15258199396894495,0.03928051911559578,0.040717070361840156,0.46107077137562263,0.07460308337382361
2,536,0.2615380091830573,0.1381192469024037,0.035454263662264764,0.042137658006869104,0.4413681738680301,0.0813826483773749
2,537,0.22202823341778874,0.1433559695742223,0.03839460513048034,0.03938074603494839,0.4761670081138213,0.08067343772873883
2,538,0.24322423756151135,0.14320613632543697,0.03710111769789813,0.03740855347811967,0.46690404587910994,0.07215590905792385
2,539,0.2594546267146054,0.15568596102450186,0.03727895220881029,0.033576131176543116,0.4402593562410954,0.07374497263444382
2,540,0.2790033594642957,0.13873719939501478,0.03576794131112327,0.03831920109134705,0.4235342545210968,0.08463804421712236
2,541,0.22927820835482018,0.14935776953088584,0.03986561053754342,0.037357223141916016,0.46821720520195165,0.07592398323288292
2,542,0.24099037204881332,0.1597907849821806,0.0387815642375187,0.03932198237278903,0.4425964622067191,0.07851883415197916
2,543,0.2567987506274505,0.13819094029937964,0.03921641340159866,0.03480953904680498,0.45297638566693715,0.07800797095782903
2,544,0.26411040385161727,0.15032528229044956,0.03782609800260819,0.04056498903976122,0.42877491554993663,0.07839831126562714
2,545,0.2522875550495802,0.14874753480415098,0.0387607647641703,0.04134882677107463,0.43498687169350786,0.08386844691751595
2,546,0.23544905200896454,0.1528034513445418,0.038852598804737404,0.038074467536699345,0.4588813722776417,0.0759390580274152
2,547,0.23565257769693673,0.14855714722196156,0.03786393134011494,0.03796599297557087,0.4519064408398046,0.0880539099256113
2,548,0.2568695941816553,0.13445023395454797,0.03530844982462771,0.04001901467891874,0.4590398929468441,0.07431281441340615
2,549,0.23836738464139282,0.16402830073923907,0.040429254158956596,0.03878126444056042,0.4380769110900827,0.0803168849297684
2,550,0.2529005707228832,0.16091564799842997,0.03472845393178831,0.03775755108868732,0.43094373084575743,0.08275404541245376
2,551,0.2645824303277863,0.15482901847855673,0.04132832794960401,0.036698027833119616,0.42122694289551044,0.08133525251542296
2,552,0.25776256701722056,0.14927888528416675,0.034131113747651494,0.04088504234948411,0.42883905188913113,0.08910333971234596
2,553,0.25116031005468464,0.14187151442028936,0.037537520434126344,0.03732896967784951,0.45164181982391405,0.08045986558913616
2,554,0.23196024135425208,0.14965340369731717,0.034245728158896045,0.03870545956158558,0.4573862674031138,0.08804889982483535
2,555,0.24276072421642944,0.13699271859587753,0.03985682771891055,0.035318373871017786,0.46576993722232674,0.07930141837543797
2,556,0.26913394206807306,0.14470694187760635,0.03933962930300304,0.037096408419761494,0.4229018850209414,0.08682119331061462
2,557,0.24778371104539465,0.15851521746631983,0.03491835265945657,0.03889216646354503,0.4396554555803778,0.08023509678490613
2,558,0.24931726193158207,0.14722190940993313,0.035005393198444486,0.03777453164763259,0.4503500898949331,0.08033081391747461
2,559,0.24320894377318114,0.1430803560038434,0.03281014956064346,0.03218180486736219,0.4679357592989594,0.08078298649601041
2,560,0.2617134016274663,0.1462420030353822,0.03380993656428963,0.0375233604800928,0.44567071747498693,0.07504058081778217
2,561,0.2478052505658039,0.1503599458925286,0.03945344024402317,0.03893925302392006,0.4389598788220725,0.08448223145165173
2,562,0.23199272128449078,0.1327216446030945,0.03992093836692903,0.0368238657921505,0.48340071535530355,0.0751401145980316
2,563,0.2562109127851056,0.1552706894050548,0.03652817063268844,0.037402826966129676,0.4268088785430154,0.087778521668006
2,564,0.2543067825577819,0.13735595824854882,0.038012906144878754,0.03514663194268513,0.4596286259307156,0.07554909517538984
2,565,0.24265525538791144,0.13267262150555104,0.036719470633611084,0.03808634907474849,0.4760451747412228,0.0738211286569552
2,566,0.2423332840263799,0.14979151026409082,0.03834806845676932,0.03521017656987128,0.4549627751959231,0.0793541854869656
2,567,0.22407195136000904,0.14544541216606932,0.03435012173443299,0.03865091425902732,0.4813476037070839,0.07613399677337739
2,568,0.2593818213187119,0.14190274477143716,0.03965829914609747,0.03645442647706013,0.4353030555583244,0.08729965272836895
2,569,0.24193698470155844,0.15415105528958367,0.03577501469631255,0.038636475240559305,0.455462556525156,0.07403791354683001
2,570,0.2302223414250638,0.15089847308429635,0.03922350306579924,0.03458287306542271,0.45713557758781836,0.08793723177159964
2,571,0.22484176784405688,0.13481817623093967,0.037280940324048724,0.03394190735768048,0.48878893885448466,0.08032826938878963
2,572,0.2521848652386591,0.14048948627001484,0.03590108449257698,0.04133392156499839,0.4476789023823996,0.08241174005135114
2,573,0.24528955677542685,0.14325024885702942,0.03385145312142887,0.03665563466422011,0.46120493031875026,0.07974817626314454
2,574,0.2585043648546792,0.1627332779115224,0.040255038392830796,0.035109820810586556,0.4265155804486032,0.07688191758177776
2,575,0.2443062854914206,0.1556494493314564,0.03399806732301242,0.03748558655385624,0.45191799801899435,0.07664261328125989
2,576,0.23638928795186204,0.13966189828832182,0.036326165570142434,0.036128923830773305,0.46909116411399737,0.08240256024490299
2,577,0.24393988327765959,0.14068938654058463,0.03469790538272444,0.03296733856438412,0.4632334885674814,0.08447199766716586
2,578,0.2648658424233412,0.14733445285854313,0.039728361816440065,0.035224370675766545,0.43505838378676764,0.07778858843914138
2,579,0.23335912851090448,0.1492797392562205,0.03763193173305937,0.03779826139305288,0.45964386684202874,0.08228707226473397
2,580,0.24450881850821865,0.13765015408946069,0.03439398305886168,0.03750377514356634,0.4566387396189318,0.08930452958096083
2,581,0.22966886438121098,0.14641069691043965,0.03270571498989691,0.032960593909157426,0.47317857254887974,0.0850755572604153
2,582,0.23151158773829558,0.16255142938299846,0.03574365480448345,0.040862076598576075,0.44993718076304606,0.0793940707126004
2,583,0.23858781021594316,0.13574427543469808,0.034488406009310316,0.038893361705539684,0.4722679077531527,0.08001823888135608
2,584,0.2690063807224497,0.14228409474206236,0.035941529051047354,0.03795907185066704,0.43892430032170043,0.07588462331207323
2,585,0.2628195287295578,0.13442716423040235,0.04005695531503098,0.03889861135431748,0.44989420533454094,0.07390353503615046
2,586,0.24820516786244165,0.14142416395413152,0.039905242580551996,0.035425116925090566,0.4520207955297768,0.08301951314800744
2,587,0.24521989020487595,0.1560291520343128,0.03787242873626776,0.03880671007060112,0.4473289292993059,0.07474288965463646
2,588,0.2557336469989976,0.12811445236661348,0.035844563300660284,0.03906595047080843,0.4609182505440578,0.08032313631886241
2,589,0.24920279256532687,0.15658170605732677,0.04100825471009362,0.04086632075726277,0.43531433462412233,0.07702659128586761
2,590,0.22742206422489955,0.15141112314577349,0.04123466057597547,0.034224627463957685,0.45656314304565493,0.08914438154373895
2,591,0.23696860306401482,0.14507366323306464,0.038847456533592284,0.034912595748132234,0.4614254955586645,0.08277218586253147
2,592,0.24347992083521747,0.1620956234169233,0.03748041154762157,0.035968969433545495,0.439524229720333,0.08145084504635917
2,593,0.24386697619740813,0.16195292065844794,0.036787392684116724,0.041479902083637055,0.4261907709660729,0.08972203741031728
2,594,0.2575724005900902,0.160821990869928,0.039467969824151634,0.035986380174965645,0.42980951903239767,0.07634173950846689
2,595,0.22796943862261476,0.1380296701043965,0.03871671619977565,0.040907452878470696,0.472264929557317,0.08211179263742532
2,596,0.2732373326791956,0.13788386183517762,0.036546710864256905,0.033985877709584,0.4431171771435633,0.07522903976822258
2,597,0.26848078560915806,0.14690821348086147,0.03623536532762482,0.034794143833670514,0.4356910299849582,0.07789046176372694
2,598,0.24835762777411732,0.14867936708709925,0.03606458377576199,0.04069927395611896,0.43883237212866766,0.08736677527823485
2,599,0.2219303020238769,0.14011597750884927,0.03875642530656585,0.038518471926655945,0.47350420063296456,0.08717462260108735
2,600,0.2421474966605691,0.1465742092414784,0.03753875338546036,0.03261472449305815,0.4692089264147938,0.07191588980464027
2,601,0.25131206485831264,0.13619500101638868,0.03521232144723502,0.039293178876160205,0.46058602639124513,0.07740140741065836
2,602,0.23373732725945523,0.1458693919836673,0.0355828211035613,0.03475886736383725,0.4704637322897254,0.07958785999975354
2,603,0.25583567618755704,0.14985565969193096,0.040060506662880364,0.03634644102456305,0.4320591446346273,0.0858425717984413
2,604,0.23958199495507768,0.15413409830814814,0.03510870611738929,0.036601708657145605,0.45162743375497344,0.08294605820726578
2,605,0.23464351303984146,0.15972480085673652,0.03908132611613577,0.0351640095121427,0.45145702842330826,0.07992932205183531
2,606,0.2398514479978994,0.16229612096827667,0.04171873472048018,0.039426718534585625,0.43625833757083626,0.08044864020792192
2,607,0.2367177231558316,0.13972639046195487,0.037714549679550194,0.03763636779277053,0.4644901452745093,0.08371482363538352
2,608,0.24129786437459688,0.15993699194884478,0.041653543381824754,0.03944302776909437,0.43812785551365746,0.07954071701198172
2,609,0.25677428576627415,0.15783248291781315,0.03514450120744752,0.0385559096589912,0.4380113049503525,0.07368151549912137
2,610,0.24487948327280623,0.16555759352076993,0.03947103454927655,0.03591865207754973,0.4365688230040581,0.0776044135755395
2,611,0.2510390260024232,0.15811275072133488,0.038387828032304096,0.03618972903532615,0.42588924533408745,0.09038142087452422
2,612,0.23601130195917075,0.1588156636233911,0.04123106621566676,0.037013948640327775,0.43658833804041375,0.0903396815210298
2,613,0.23849894048908862,0.15284780014816388,0.03744641325363168,0.04124418554924148,0.4464183581738188,0.08354430238605552
2,614,0.23742003467764092,0.13084129552698878,0.0394538412188089,0.038808613118571506,0.4706256274252456,0.08285058803274421
2,615,0.26203255136908676,0.14641376868788458,0.03713820933651046,0.036185955246313975,0.4430682381234932,0.07516127723671101
2,616,0.2415568209861674,0.14287838292707947,0.0382807524520203,0.03712959654730902,0.46881863662862816,0.07133581045879558
2,617,0.25808136091084816,0.14237607215521642,0.03934838174180751,0.0345405018854125,0.4421983305535196,0.08345535275319589
2,618,0.25043702669811946,0.13271078886180968,0.033802506603247774,0.03428210007733183,0.4760857555026076,0.07268182225688359
2,619,0.2423518305121868,0.1559178042637884,0.03669035196088028,0.03806731418511025,0.4389454582602442,0.08802724081779001
2,620,0.25487733826530007,0.13968473653915414,0.03556366099195263,0.03815814764867686,0.4604878582274675,0.07122825832744888
2,621,0.2591392849522723,0.14704717026159062,0.033625574294568486,0.038690235352797066,0.4415128987805003,0.07998483635827122
2,622,0.2468698820286178,0.14328403196749462,0.03678882507929236,0.037770930332729116,0.45452010931361947,0.08076622127824672
2,623,0.24157716990949188,0.15440380805895076,0.03671383500060454,0.03700385668301954,0.4573097388399375,0.07299159150799589
2,624,0.25948799111416004,0.14724554925521505,0.036041032066118264,0.03924464112439205,0.43330990217996185,0.0846708842601527
2,625,0.267537274407804,0.14495204190468738,0.04048558698825853,0.035332119284694506,0.4360352303859547,0.07565774702860086
2,626,0.2663881155937504,0.13591011464656594,0.04113203106298766,0.04011889232515102,0.4361262707470647,0.08032457562448032
2,627,0.26010371651315395,0.14060940833810412,0.03704003251423651,0.04000227948227499,0.43331650737431654,0.08892805577791385
2,628,0.25750904787901663,0.15640494474586963,0.03531523001168653,0.03967554665075131,0.43315900822807707,0.0779362224845988
2,629,0.2380106517403378,0.1496116794426905,0.03447458661938951,0.03271926493394873,0.4609145659687995,0.08426925129483395
2,630,0.24851366630208124,0.14759587242625496,0.03822592945425765,0.04241117154456519,0.44038399475083684,0.08286936552200411
2,631,0.2469952522023373,0.13573211351782155,0.038015037665117955,0.03400670357032558,0.46207635624699445,0.08317453679740318
2,632,0.2577882809616545,0.14033090717136043,0.04197006318728277,0.04031254359100098,0.4351859804210765,0.08441222466762488
2,633,0.24892071047591732,0.157121074736651,0.037224322573946686,0.03681395697198238,0.433606697870782,0.08631323737072062
2,634,0.2622072474583085,0.13964575144961272,0.03569697951030541,0.033657511558703695,0.4467973208533567,0.08199518916971306
2,635,0.26102226126875006,0.13468472192282957,0.033358078919638635,0.0330027998483998,0.45180194920817174,0.08613018883221013
2,636,0.23785602753455787,0.14096962480236533,0.03952801653235772,0.04126638979462666,0.45592278325634383,0.08445715807974861
2,637,0.23591946122453794,0.15435028621482913,0.041518408297283704,0.040955394004615876,0.4506486765025774,0.07660777375615593
2,638,0.23131145148644924,0.1493803695112989,0.037178899630799726,0.039956017370350365,0.45920950000860156,0.08296376199250025
2,639,0.24497677681528632,0.1458260759091741,0.04143403115739926,0.03929143551202339,0.4394366528445787,0.08903502776153818
2,640,0.2665487552510719,0.1397784561393203,0.039388982451961735,0.03658178700134739,0.43964880810706963,0.07805321104922891
2,641,0.24466059975475385,0.1486339949114869,0.033465008851648104,0.03513544542455631,0.45673919887083336,0.08136575218672142
2,642,0.2600424930990641,0.13715543886090134,0.04175093975401366,0.041194458084908715,0.4310740382861285,0.08878263191498365
2,643,0.2385559694328257,0.1409668100325332,0.036368104814072724,0.034294831203486795,0.46247203731649944,0.08734224720058219
2,644,0.26385619152363243,0.1340660045711012,0.03775757891843522,0.03485459996890145,0.4465187870125919,0.08294683800533768
2,645,0.24768726988453263,0.15680345637657203,0.0399837622447609,0.035785890636983377,0.4393250864427579,0.08041453441439313
2,646,0.26954702973957884,0.14401872413042885,0.039150625511397474,0.03869581712984476,0.4278704693432059,0.08071733414554418
2,647,0.24338681501401646,0.15816283750092514,0.039565322645024895,0.03681342920499566,0.4438660122683041,0.07820558336673374
2,648,0.2438881616227583,0.15809914850130438,0.04283123995508253,0.03674298215279826,0.43876742249943423,0.07967104526862225
2,649,0.2510994836861006,0.14498316109944956,0.033873804815745846,0.03553641606113658,0.46060364817220756,0.07390348616535983
2,650,0.2587609928336061,0.14090632374122108,0.037574326184574326,0.03859930149227479,0.437678716222997,0.08648033952532677
2,651,0.24566796891537393,0.1406192954557267,0.03939120237976187,0.03620784247699749,0.45137253083200735,0.08674115994013254
2,652,0.2600968202987741,0.15788108719107743,0.03780400453793035,0.03512647104913104,0.43007836936213956,0.07901324756094756
2,653,0.24274695354726905,0.1312937993711539,0.035811955438767196,0.03888050242383454,0.470947757586626,0.08031903163234926
2,654,0.23679500177612348,0.13427906590675817,0.03542315289008319,0.0379042281786046,0.4716237202375857,0.08397483101084488
2,655,0.2645120426502571,0.13758958593476625,0.035690964759465066,0.03507435532689054,0.45022926116979173,0.07690379015882935
2,656,0.2524423136975588,0.14015615837675274,0.03842428450777399,0.03955498821888406,0.44609443076112765,0.0833278244379028
2,657,0.23923129125431655,0.14553747607653045,0.03660553233686778,0.03462979230878979,0.45462671198825927,0.08936919603523615
2,658,0.23726595679424112,0.1491668966068334,0.03694670118270628,0.04191948779476616,0.4520271762448083,0.08267378137664469
2,659,0.23703271572569135,0.15258751625116143,0.03790434285666161,0.03622328169807084,0.45972377092023914,0.07652837254817568
2,660,0.2273284577520725,0.14942122300120014,0.035049939170406046,0.04073239766021622,0.46146000562942613,0.08600797678667899
2,661,0.25948315163849855,0.13282295168121774,0.03571996854984934,0.0337096066476805,0.44842182928717583,0.089842492195578
2,662,0.23627189931872586,0.13239966823741006,0.038012018003748094,0.039142168740093235,0.47661100274341867,0.07756324295660405
2,663,0.2550209276340256,0.1421267650382205,0.03329403866083447,0.034954085726917876,0.45573905539778947,0.07886512754221213
2,664,0.25232296353148265,0.13819139213713358,0.035580146144793004,0.0355457787538428,0.461925960033744,0.076433759399004
2,665,0.22361838097793577,0.15271676201211556,0.03790043989641934,0.034003493732744756,0.463941223224052,0.08781970015673252
2,666,0.228930261212669,0.1449294319747095,0.03535868464005135,0.03837957335108976,0.4717716433640297,0.08063040545745064
2,667,0.24574204308897019,0.14440111651347276,0.035027948935401024,0.03984062111756304,0.460657944879442,0.07433032546515099
2,668,0.23274448557890012,0.14331202452225816,0.037461915108349564,0.03785919441311249,0.46440870431108205,0.08421367606629752
2,669,0.24126733053081942,0.14147031556226677,0.035450711157693965,0.03854453723893408,0.4659569914756871,0.07731011403459871
2,670,0.23413494700445167,0.1383225913833366,0.03497479298238375,0.03790648016271946,0.4732971233199594,0.08136406514714914
2,671,0.24609000833519332,0.15007761084461713,0.0425187382238179,0.04058462223330296,0.43344556135548523,0.08728345900758352
2,672,0.2552407715651857,0.1538546940422846,0.04002472976203256,0.038245845939454064,0.43436404911698573,0.07826990957405737
2,673,0.2547682446699497,0.14899034250132864,0.03696174155045251,0.034194578378610584,0.4511461739251006,0.0739389189745579
2,674,0.2497578640210241,0.15714123179997055,0.03401956261611197,0.03732318002295625,0.4324688465025638,0.08928931503737332
2,675,0.24968536579104916,0.1299994747161711,0.034279480299205974,0.03488584555289727,0.46876572856682003,0.08238410507385636
2,676,0.24390795904924,0.1397700897232546,0.042011952285179954,0.03608222226795094,0.45610208900844434,0.08212568766593015
2,677,0.26220444846278157,0.14109424831167386,0.036332969917108285,0.036721068810361183,0.44143242999507015,0.08221483450300494
2,678,0.2692836495318465,0.1478017573799898,0.03463269985951906,0.0366844995034013,0.4258387618956086,0.08575863182963464
2,679,0.2554759821764881,0.15001472035225086,0.03308113615136762,0.03641084707860319,0.43981263246350266,0.0852046817777875
2,680,0.25057289172163466,0.15116710214382786,0.034198404337152856,0.03968638215513979,0.4487277677875495,0.07564745185469517
2,681,0.2615920821496843,0.14510557668047633,0.038616036935344156,0.03392625883433578,0.4407554761569972,0.0800045692431622
2,682,0.23276044517889363,0.15010986934106352,0.0391328630086034,0.03568199530997012,0.4643888900999838,0.07792593706148553
2,683,0.25429937197586133,0.14208822953202171,0.036894074412759985,0.034041714899150845,0.4463798826286692,0.08629672655153704
2,684,0.23930430745044012,0.14405792947000223,0.0382277924064603,0.04130530026973113,0.45716519362334584,0.07993947678002032
2,685,0.24714592936689417,0.1440902240627678,0.03701171113370118,0.03750696695211073,0.44637369802611676,0.08787147045840936
2,686,0.2490801679855601,0.1444082863241247,0.03740871357601579,0.038249319317558365,0.452500046045384,0.078353466751357
2,687,0.2672654843382707,0.14070404172179293,0.03556748030430698,0.03975131029918505,0.44304240934633987,0.07366927399010455
2,688,0.24882399422250906,0.149908924301623,0.03490436017610216,0.03738620404079853,0.44196571110345995,0.08701080615550727
2,689,0.26192193881226655,0.1337802060107579,0.038203158820403926,0.034751652079881214,0.4511292854450078,0.08021375883168264
2,690,0.2571031111004512,0.14829801255668126,0.03625241702012987,0.037519621047794036,0.4387190618869318,0.08210777638801176
2,691,0.24854870363683987,0.1485243654757722,0.03468516947824186,0.03265793592088206,0.4553874261491473,0.08019639933911683
2,692,0.22308630859505246,0.14223266010484484,0.03405958396764304,0.03888848874326205,0.48559289956188684,0.0761400590273108
2,693,0.2523043159995303,0.14450751603672843,0.03416982195489162,0.039237026080633654,0.4571074517883134,0.07267386813990251
2,694,0.23496578825298495,0.14991064420232741,0.03729772568299596,0.03899178208463323,0.4566948444150203,0.08213921536203812
2,695,0.23133244639916362,0.15937474321423917,0.03942360673679336,0.03943217300233162,0.45076157923500954,0.07967545141246281
2,696,0.2370030127959462,0.15899373746208065,0.03712093051696649,0.03968568369188061,0.44732551987040303,0.07987111566272302
2,697,0.24782540802759048,0.15142426846045934,0.03379565639164073,0.03491612540300716,0.45745650563324836,0.07458203608405398
2,698,0.22773874362865315,0.137336003816414,0.03450630149050983,0.0398563702607974,0.4859705650712557,0.07459201573236987
2,699,0.26516170736077244,0.15752709931661404,0.04001579309597366,0.03480411793716857,0.4218125597303669,0.08067872255910437
2,700,0.27159180599542715,0.15616409487578578,0.03464112302139754,0.03608808744820741,0.4172649877154215,0.0842499009437606
2,701,0.2421476193462903,0.14234140837198003,0.03690007014541878,0.04053353533147136,0.45617333380013564,0.08190403300470385
2,702,0.2315720090852809,0.13480778180826444,0.03874680828387357,0.033903064452429035,0.4807631215624184,0.08020721480773368
2,703,0.2721740951828801,0.1393351437434178,0.036221600669554266,0.038240724423142275,0.42544075532481673,0.08858768065618887
2,704,0.2506108776525556,0.1509713249581589,0.03684457940516136,0.0343280679872915,0.44999263675231677,0.07725251324451586
2,705,0.252674207941002,0.14793451845786657,0.03286550117795731,0.032366715579936464,0.45880879038664985,0.0753502664565878
2,706,0.26765881425600346,0.15860997411345587,0.040216009585756975,0.038307133582161194,0.4192939743302551,0.07591409413236734
2,707,0.25924694027255296,0.14315699945645302,0.036588369096770164,0.03552221524960329,0.4490544674563151,0.0764310084683055
2,708,0.22220063119446848,0.1496619997508434,0.04043607176825907,0.03968857033130033,0.470546255645143,0.07746647130998567
2,709,0.24775926094316644,0.15742373712462715,0.03554229965873877,0.038371239851209715,0.43505175441469274,0.08585170800756517
2,710,0.25094820407722085,0.15816622304485045,0.03663580460999219,0.037701803542528216,0.43425313163958357,0.08229483308582472
2,711,0.25027145473030543,0.15253082064443133,0.0390108349766169,0.03617843280129494,0.44434824509053905,0.07766021175681241
2,712,0.25481449090497094,0.15736365039555814,0.035739118230479504,0.037832215600903864,0.42648281503878255,0.08776770982930503
2,713,0.26966579085844367,0.15238528199990256,0.03597183326070043,0.03994367814745278,0.42233316162790396,0.07970025410559654
2,714,0.23651052165004016,0.14981034494130355,0.03778375930990309,0.041010841533150245,0.4462405750689664,0.08864395749663655
2,715,0.2737362996839594,0.14457621348252467,0.03688962043943557,0.03921661958392127,0.4180854617074567,0.0874957851027024
2,716,0.2635015472425474,0.14370165696886744,0.03672582636639639,0.03488112006972129,0.43368830773985734,0.08750154161261017
2,717,0.24828506411118736,0.14739645745009927,0.03472846372395782,0.038879025328435284,0.4551661977088706,0.0755447916774496
2,718,0.25571738579178244,0.14293179721089203,0.03838887293121872,0.03803609863017144,0.43735330683252693,0.08757253860340838
2,719,0.22595353470405813,0.15155304435128616,0.03829586320237536,0.03467974600355472,0.46782776910264473,0.0816900426360809
2,720,0.25340843400346635,0.13387012227912037,0.03672891143904307,0.034988542579123066,0.4637402095614124,0.07726378013783483
2,721,0.2402390562240672,0.13951965890066156,0.03623187619874432,0.04056545972886277,0.4576535828491155,0.08579036609854862
2,722,0.2453173332626798,0.15690351866409633,0.03768280435376374,0.03544303930170049,0.43516920379691376,0.08948410062084595
2,723,0.25960646404441307,0.1485888975551172,0.03242135625168785,0.03888469187487154,0.4496805193198161,0.07081807095409413
2,724,0.23718866008841696,0.13632522925661716,0.03784236224998055,0.03509084266371039,0.4802785804998986,0.07327432524137636
2,725,0.23975755767770104,0.13207402303169247,0.03483113771443001,0.039382665116885984,0.4698704612023701,0.08408415525692045
2,726,0.26833238087161343,0.1555035796505423,0.03626454840894013,0.0372318585235294,0.4285905899959355,0.07407704254943918
2,727,0.2628360583369267,0.14935205914949803,0.03774186294529946,0.040421160875161385,0.4308922008464639,0.07875665784665044
2,728,0.2362350415175355,0.1444908029367687,0.03745333851057101,0.03599364990367401,0.4653944010039484,0.08043276612750234
2,729,0.25554471445640453,0.14426489799293854,0.037965481024206736,0.037536242178459495,0.4487229026302699,0.07596576171772074
2,730,0.2358883800355833,0.1374312992065455,0.037191916512834204,0.03515081560444697,0.47828824729676345,0.07604934134382653
2,731,0.2393270747605764,0.16141644645788245,0.040452983116396134,0.03752612732575054,0.4403171531441402,0.0809602151952543
2,732,0.2646673007648043,0.14681387612544336,0.04237425500656421,0.03554697626398583,0.4296606180966007,0.08093697374260155
2,733,0.23800897369742222,0.1360962129681958,0.03888948730328168,0.03889115438735354,0.4649601630720279,0.08315400857171897
2,734,0.2464099780599831,0.15166420720074694,0.036765991884150515,0.04156129664894073,0.43775850415565215,0.0858400220505265
2,735,0.23203189139911412,0.14622069404328691,0.0362411093562709,0.03336520032894295,0.46906666039979583,0.08307444447258934
2,736,0.24376558643476853,0.14737095960716834,0.03706591598127968,0.03635051184758882,0.4617436181765295,0.07370340795266518
2,737,0.24906581041668377,0.14175376733558018,0.03407497629959165,0.03267386422233729,0.46415857711858927,0.07827300460721778
2,738,0.22238492355845296,0.15486413397132306,0.03848826831677863,0.036220284599834875,0.4663882675970105,0.08165412195660005
2,739,0.23464231439385977,0.1628564728886241,0.040698414371580414,0.04045800788496552,0.44392401027999956,0.07742078018097061
2,740,0.25062732231070994,0.15060309485946757,0.040743285615476486,0.035062945682020064,0.43080155695021155,0.09216179458211445
2,741,0.23977605043856304,0.14195662796293798,0.03441842223376166,0.03787750116208286,0.4638924425525509,0.08207895565010356
2,742,0.24997021893601837,0.14015139683454558,0.03585273458499312,0.03639523615653924,0.45739020887049864,0.080240204617405
2,743,0.23314269370110274,0.15278412067519112,0.03766900886080712,0.03655918948413046,0.4564998206886713,0.08334516659009715
2,744,0.23243179186382776,0.143272834335744,0.03481231583594012,0.041455257856021235,0.46899782923925126,0.07902997086921561
2,745,0.2517151713460282,0.12843846452118765,0.03709295995439891,0.03927414447390868,0.46686855629219337,0.07661070341228313
2,746,0.2500443080952335,0.14266869557330977,0.03396268110077747,0.037352557831841084,0.4532024199590611,0.08276933743977698
2,747,0.2500507456769883,0.14339345586334593,0.039758259503998195,0.041288637449835665,0.44024897065878477,0.08525993084704712
2,748,0.2565027341005857,0.14494767823797283,0.034911091169398493,0.04182366576534718,0.43245354226955873,0.08936128845713706
2,749,0.2452594403324761,0.14267206163479243,0.03861501789387075,0.04022165236893686,0.4463288498866677,0.0869029778832562
2,750,0.2391063026858054,0.1426904991629282,0.03668214196458121,0.03791823816866709,0.4632011827759278,0.08040163524209035
2,751,0.2609275903573975,0.14520774619924753,0.03851911810507398,0.04050821007246207,0.43334574446698454,0.08149159079883438
2,752,0.25243190969907625,0.14369615245808795,0.03205352606102875,0.03598352680995648,0.4540062764319183,0.08182860853993212
2,753,0.26785754059523154,0.14827333448410016,0.040331982792963135,0.03662231333951534,0.4298080196671212,0.07710680912106868
2,754,0.2464002634074623,0.13582746473856358,0.03434005865767391,0.03853566841317684,0.4536285385819436,0.09126800620117978
2,755,0.23426139102374938,0.14464684893055185,0.036832634676426924,0.038694712066469364,0.46054362867310844,0.0850207846296941
2,756,0.24328355028612553,0.1553821456595305,0.03402030825629831,0.03463226877401354,0.4541742192309733,0.07850750779305876
2,757,0.25159409591785614,0.1443522265670847,0.035251964214145205,0.033918740506395,0.4638321675377505,0.07105080525676838
2,758,0.24434128239052305,0.14508391652845853,0.031728758981303395,0.03339177375333331,0.4644385028326893,0.08101576551369233
2,759,0.24504536258329626,0.14216654621179137,0.037424782096234344,0.03709546009108919,0.464072777452592,0.07419507156499675
2,760,0.24619571980429625,0.14316495832260157,0.03548270488577132,0.03682713529166503,0.45841219258975574,0.07991728910591003
2,761,0.23717580643067981,0.1395543367290063,0.039566376094915603,0.03801795030559153,0.46630154594972745,0.07938398449007927
2,762,0.2298248182605409,0.14910157948445044,0.03937308327589501,0.0370731224213931,0.46144127056287026,0.08318612599485024
2,763,0.23186447181296546,0.13322396906169176,0.03297195541609984,0.040119378132954235,0.47703149060214856,0.08478873497414025
2,764,0.24923933583698366,0.14622317241413627,0.038075921310414734,0.034339741196086036,0.4491392449446988,0.0829825842976805
2,765,0.2360017646294511,0.1586188449764053,0.03398787157863304,0.03934587340604585,0.44855460117513923,0.08349104423432559
2,766,0.2317667487666579,0.1532825775129623,0.033536614441801976,0.03314853338706893,0.46362395638312764,0.08464156950838136
2,767,0.26162608657336,0.15928173671988277,0.03654206107465699,0.04062060350866258,0.4164550612751378,0.08547445084829979
2,768,0.25800740115081794,0.1387295467612875,0.03833083930464401,0.03875439099195753,0.4453097767752904,0.08086804501600267
2,769,0.24816927681920986,0.14593179757089103,0.040955546797067956,0.04002222103859408,0.444946799617089,0.07997435815714816
2,770,0.23013454584816662,0.1543192667740352,0.037955462058856894,0.037658058592778654,0.45056822928941753,0.08936443743674512
2,771,0.243450058462942,0.14512902379201065,0.034712005497106534,0.03599951745350891,0.4585845749902561,0.08212481980417576
2,772,0.2696951569408137,0.1582072194541236,0.0394675066022724,0.03633780786639435,0.4118883097843247,0.08440399935207121
2,773,0.25320430749709993,0.13962388360757244,0.034698245154342354,0.03858156470230289,0.4593880747415702,0.07450392429711226
2,774,0.2370878607528472,0.16438985996330735,0.03896346699819195,0.04135037187943111,0.434795346038112,0.08341309436811042
2,775,0.2456745860909771,0.16067246784511713,0.04249561895519123,0.03631949182950216,0.4305455518454114,0.08429228343380102
2,776,0.2389512345653096,0.13529816263822655,0.03982009958100593,0.040024173441286,0.46507730184522633,0.08082902792894561
2,777,0.2726571503590714,0.13660799960162226,0.04108635621382481,0.04014095265882829,0.4320684990060163,0.07743904216063689
2,778,0.25763627783119836,0.13036696168568573,0.03598080912854167,0.037640769167092844,0.4612774691675732,0.07709771301990828
2,779,0.2418748292339584,0.16159413202578918,0.03900684197948581,0.038828005947078255,0.43161884432728803,0.08707734648640035
2,780,0.23039311428214243,0.1494751558817125,0.03460148857463974,0.03656602497203521,0.47607521518315843,0.07288900110631158
2,781,0.24634254720763407,0.1314935918644888,0.03690965991189264,0.03605532830461319,0.47534711301443777,0.07385175969693342
2,782,0.23457379424274985,0.1548524853208068,0.03565934506921324,0.03829187398151911,0.4541063981851857,0.08251610320052524
2,783,0.2606797048716332,0.15519579580012788,0.0405813672880443,0.04147831079972576,0.41694020590896386,0.08512461533150496
2,784,0.2246584169639428,0.15806227635696227,0.03572866233288743,0.033969880819171204,0.4618546041735351,0.08572615935350127
2,785,0.23993578458796036,0.15115870036014625,0.0408968051971934,0.03839329002329513,0.45157680592982835,0.07803861390157656
2,786,0.2466012851670017,0.1592293464059525,0.037260758475910274,0.040974007040515084,0.4402120435289007,0.07572255938171972
2,787,0.24087760448863868,0.16601647451916643,0.04112230076860121,0.04095552643165675,0.42420330673047696,0.08682478706146002
2,788,0.242648893433707,0.1515981095256758,0.03622846632307836,0.035545954026416464,0.44898438486235487,0.08499419182876752
2,789,0.2622066081380916,0.15218169268496654,0.037929530786317445,0.03335088168849749,0.4386881820043227,0.0756431046978043
2,790,0.23662985187289226,0.13664863294859367,0.03537335845038266,0.03781061963573922,0.4783545374862707,0.0751829996061215
2,791,0.23287396757638412,0.13286568368063276,0.04013547530097261,0.036701138030337435,0.4688723514365496,0.08855138397512352
2,792,0.25199114762239555,0.13430894740897048,0.033014802330659086,0.03674246996708482,0.46370126927077693,0.08024136340011315
2,793,0.2627102664966309,0.14026942077160423,0.04054938147710531,0.03746715352344974,0.43843430260528715,0.0805694751259227
2,794,0.23231102908083112,0.15492742816419497,0.0352483608784237,0.03456867365354946,0.45711488996605515,0.08582961825694554
2,795,0.23942737139354864,0.14167624684616714,0.039946618613301114,0.04054144900173837,0.45138160830437146,0.08702670584087331
2,796,0.22686086830467583,0.13909347219711063,0.0401361426845662,0.03376117469872283,0.4829946802442967,0.07715366187062773
2,797,0.24881323264668184,0.16180145872513946,0.03429862366793517,0.035794708797917026,0.4428336011827135,0.07645837497961297
2,798,0.25093171886166427,0.14946682523978497,0.03762711886140253,0.036449278758846876,0.4434614526261447,0.0820636056521567
2,799,0.23731113242862237,0.1468823294818233,0.03890911793344054,0.03479590182507412,0.47013082322342686,0.07197069510761281
2,800,0.2654514854799039,0.14633144863618047,0.035956975315152115,0.03413315850857307,0.43888564637622657,0.07924128568396384
2,801,0.23479877251669526,0.15241356689978847,0.03707357354812984,0.039037395300365735,0.4514755035556774,0.08520118817934333
2,802,0.2554521426410936,0.139879922012867,0.03509330318707131,0.035074879680366926,0.4551598735098265,0.0793398789687746
2,803,0.2644511502213488,0.153138586038205,0.0336441649660772,0.03386141538929911,0.43337964789768113,0.08152503548738887
2,804,0.2685307409885618,0.15250542507939846,0.03476978212298579,0.036133520351244744,0.4268990807677381,0.08116145069007105
2,805,0.24916974855295831,0.1519969948394715,0.03277033224574642,0.03623625745825872,0.44777554597250835,0.0820511209310566
2,806,0.2744386020673826,0.14146732861806896,0.03712127279308167,0.0398238819304157,0.42646374708466617,0.08068516750638492
2,807,0.2570872370115861,0.1506144556430953,0.03910424570706453,0.039135597107450085,0.4356649122989393,0.07839355223186477
2,808,0.24361610217259444,0.14117262585775878,0.03382823710257637,0.03599327545263232,0.4710302437336347,0.07435951568080341
2,809,0.26596801202618026,0.13590726826323046,0.038709167329298515,0.033796445299950156,0.4450089228115868,0.08061018426975369
2,810,0.2636750372440318,0.14198951484376238,0.03692445268687992,0.037053853620283767,0.42859968951334104,0.09175745209170103
2,811,0.26376710524688757,0.1476986770938939,0.035973038572053015,0.03936323980790736,0.43051326553035046,0.08268467374890776
2,812,0.23871203621458054,0.15417536242904367,0.040066909649148004,0.043120139176309594,0.44389465179124926,0.08003090073966893
2,813,0.25199393943166715,0.1455513718304687,0.04051967067488811,0.04074386263393384,0.4287446318219605,0.09244652360708171
2,814,0.2421110097272611,0.1381293353708625,0.038234654590683606,0.03725023427471663,0.46045567628839584,0.08381908974808028
2,815,0.24775104146082416,0.14629430138749233,0.038357316046484874,0.03243788609641862,0.4553920118691622,0.07976744313961769
2,816,0.25406448213243743,0.15283537254328125,0.04118781984588274,0.038513033874743544,0.43459886675852855,0.07880042484512645
2,817,0.2720850393738491,0.1403144887705496,0.0345615454328314,0.038819361029335836,0.43727184299079486,0.07694772240263918
2,818,0.21885803255153433,0.14532562722949688,0.03652823945015318,0.03828692024194579,0.47642974925082593,0.08457143127604394
2,819,0.26177743275045234,0.15917536024728657,0.03588875044873065,0.036287927775294306,0.4176440698256067,0.08922645895262944
2,820,0.25249163892771254,0.14290230458694808,0.034681157109499844,0.03545577417321789,0.4528140759404754,0.08165504926214631
2,821,0.2668235597106257,0.15735636403570122,0.03654274710501272,0.03582377629541616,0.42801849295771827,0.07543505989552593
2,822,0.23728693796980926,0.13667370811132823,0.03684610337916942,0.03863453043807574,0.4667002180735773,0.08385850202804006
2,823,0.2554320792306395,0.1438475370992718,0.03743612074877661,0.034891082022771976,0.4405739010619096,0.08781927983663057
2,824,0.2589065227590215,0.1592689509221432,0.041559711601777495,0.03841822630779922,0.42597277307683673,0.07587381533242192
2,825,0.2564810550118469,0.14900579957275073,0.03893867134564531,0.03302515768290172,0.4374565616640094,0.08509275472284591
2,826,0.25838585100408323,0.1498894856417444,0.036936623722975105,0.03487084844958649,0.42974374209843924,0.09017344908317151
2,827,0.23207651132814217,0.14325791074444696,0.035195215740071124,0.03478499759997561,0.4726278952081962,0.08205746937916795
2,828,0.2340115290075122,0.13989912180278097,0.038454543406943646,0.03291891596583,0.47464827803508813,0.08006761178184493
2,829,0.253237623032264,0.1401112069556409,0.0358282976712378,0.03607044993929986,0.4644924918489885,0.070259930552569
2,830,0.2614309863141821,0.141900470433362,0.03701014174362698,0.034372956620072836,0.4499170900292029,0.0753683548595531
2,831,0.2615222220023731,0.1569165123037166,0.039961140831411675,0.03455902564795907,0.42941145738689734,0.0776296418276422
2,832,0.2422816483462898,0.16015227183115255,0.036902292622764746,0.03508028731446651,0.44684507703769316,0.07873842284763322
2,833,0.2549370800945972,0.14356087410237164,0.04021623079424614,0.03814675191421109,0.43689725672421786,0.08624180637035608
2,834,0.23080058100546308,0.13904095469642222,0.03376379208323258,0.03777854537324642,0.48290431644413895,0.0757118103974969
2,835,0.25627844669632316,0.1547913218149526,0.037894775560233754,0.03571013191981521,0.43935483478151366,0.07597048922716164
2,836,0.2668028874977805,0.14171545060258098,0.035641929943378566,0.03414385508936554,0.4358933971194643,0.08580247974743012
2,837,0.26413384477075186,0.14436490556288817,0.037525674296942896,0.034553472928180846,0.4338029468540255,0.08561915558721069
2,838,0.2260833891516059,0.15241080633431248,0.03855006535303664,0.03615664680408277,0.467492182646002,0.0793069097109602
2,839,0.25969518659273777,0.15500848416811122,0.03484297231957915,0.03398868872157094,0.44278769150645747,0.07367697669154347
2,840,0.24323885582723828,0.1522272229790485,0.03993828050140578,0.03833783555485363,0.4353574176578922,0.09090038747956164
2,841,0.23894585002383792,0.15787846225008206,0.04029040850794026,0.03958305330439314,0.437765364358684,0.08553686155506267
2,842,0.24576617057091274,0.1631404493119497,0.03788539013435911,0.03884384560128681,0.42819515569171385,0.08616898868977776
2,843,0.23750527959744974,0.14256527410433706,0.0358870673744671,0.03685735888155974,0.473622856697223,0.07356216334496347
2,844,0.24488768502093572,0.1386830214236589,0.03604512599266762,0.04021151407370342,0.451501563399765,0.08867109008926938
2,845,0.2311476885608826,0.15597950223190316,0.038728022368649494,0.03679331536815549,0.45239456949462664,0.0849569019757825
2,846,0.22206097166035724,0.14452978673312866,0.037640756123877565,0.03511567312736746,0.4793217359255867,0.08133107642968232
2,847,0.251829098664722,0.1332543278430379,0.040605404798714814,0.03496973941113193,0.45275318541203047,0.08658824387036287
2,848,0.23978292176624663,0.13633893682831869,0.035765043585477996,0.038814207175836085,0.47437782958683167,0.0749210610572889
2,849,0.26115622540246936,0.1426990919665038,0.03634081383688743,0.03916398263168916,0.4449339957073931,0.0757058904550572
2,850,0.23419948369424862,0.14624917237642734,0.042101379261993796,0.04079690707623749,0.44595786291875583,0.09069519467233692
2,851,0.23461372445379958,0.15020139878268784,0.03553787552064471,0.04118793574861048,0.45729758565493617,0.08116147983932119
2,852,0.23651047814596776,0.13672437672492713,0.03979805842689041,0.04025266487465068,0.4602783963168183,0.08643602551074576
2,853,0.25548011977857754,0.1596356324030597,0.03658401292988336,0.037951986434124535,0.42224306884677704,0.08810517960757779
2,854,0.21916730654416505,0.150832352639056,0.03459582612437879,0.03359783993696721,0.4795606797453979,0.08224599501003498
2,855,0.25860036236486633,0.1398000144100226,0.03930043708979244,0.03551590066214224,0.4404330219276914,0.08635026354548501
2,856,0.2718731110429698,0.14918271817933265,0.03436705397092963,0.03691248287329268,0.4209988019175606,0.0866658320159147
2,857,0.24945758316651997,0.14517607593048185,0.03502570405401093,0.034641106509911423,0.45027175596840774,0.08542777437066808
2,858,0.2512659937480262,0.14012863143757381,0.03922004553873658,0.037701938456387585,0.44505411275258777,0.08662927806668806
2,859,0.22543948945201392,0.15054508767183614,0.03710097461933426,0.03680821685734117,0.46306742835054004,0.08703880304893444
2,860,0.2402992983415763,0.13892617217526126,0.03897530163443413,0.04022371512311238,0.45622278883097056,0.08535272389464531
2,861,0.255913480257337,0.14723246347513827,0.04027214420489575,0.03583035683988564,0.4309179080469749,0.08983364717576849
2,862,0.23964842660990218,0.1482307982899052,0.034000030998118276,0.03489761440159541,0.45325423069002047,0.08996889901045842
2,863,0.2378985465629339,0.14045889840763465,0.042098899156955666,0.03498771628528486,0.4531254708275684,0.09143046875962253
2,864,0.26723687859686973,0.15225871017093548,0.04133472766301562,0.04056031182086352,0.414453674609699,0.08415569713861662
2,865,0.21902519433567516,0.1515156688633956,0.03555168706895959,0.03809606232395422,0.48261154674857587,0.07319984065943964
2,866,0.25316754917263323,0.13631511965926182,0.034344639019026915,0.039098623627481635,0.4588859252554119,0.07818814326618449
2,867,0.2518860575348742,0.15296229440954592,0.03977400843543353,0.03529592638479212,0.4304888961694534,0.08959281706590091
2,868,0.26268609638042595,0.14356556173658058,0.04100875726128625,0.03604343797567677,0.4341416633346306,0.0825544833113998
2,869,0.26273570104586186,0.14954310727575118,0.035564160211460874,0.03796002059971,0.42665483647512836,0.08754217439208764
2,870,0.26008414219712306,0.15227486301105767,0.03505407831232392,0.04075098732219428,0.4252078625060469,0.08662806665125412
2,871,0.2415497313764881,0.14150116797594328,0.03668772902144676,0.03662578695406884,0.4624889810073806,0.08114660366467241
2,872,0.2461389476995455,0.13722012507575648,0.04008667000606719,0.04017903834512541,0.45104278990605645,0.08533242896744904
2,873,0.2703518547130367,0.14293328446195544,0.03616446310504169,0.03477889762443099,0.43276267646782085,0.08300882362771445
2,874,0.2440937540381634,0.15645733258797065,0.034931454951816106,0.03362902896402936,0.4482712426199375,0.08261718683808285
2,875,0.2649492919619935,0.13610276262883972,0.039610464201878706,0.03510828263196383,0.45239703277436705,0.07183216580095705
2,876,0.24217259078592027,0.1380985211318918,0.03913742032316754,0.035132882560266296,0.4710289897053793,0.07442959549337468
2,877,0.23840293488793526,0.1423621812366788,0.03314476979271909,0.039219154375096446,0.47344297051589196,0.07342798919167844
2,878,0.27051699336075963,0.13941392735248515,0.03497168880887961,0.0362589024212665,0.4409434777479574,0.07789501030865162
2,879,0.22645013846237055,0.1531746100313077,0.03935923062749948,0.03780921250691565,0.4620236617091549,0.0811831466627518
2,880,0.26102849751242185,0.1459663812366522,0.039345330565998426,0.03641850350223649,0.4413337713803348,0.07590751580235626
2,881,0.26996300246960886,0.1354982755021224,0.03429071757276715,0.03534304236886434,0.4416361611849748,0.0832688009016625
2,882,0.22715708526610262,0.15136593025998935,0.0399007203896484,0.038490383002550324,0.4562406006018832,0.08684528047982605
2,883,0.24788710871083577,0.14860760919126179,0.035912202264767004,0.03860899423908051,0.4563250056800068,0.07265907991404819
2,884,0.23675367042573564,0.14047075107700602,0.03688349046945102,0.041942733271714924,0.45315547894407193,0.09079387581202043
2,885,0.2404307803227299,0.1538499303099608,0.03568819128857502,0.037136317092448336,0.44037933702558324,0.09251544396070271
2,886,0.25008055494371306,0.15057980744933333,0.037631117216117796,0.03602845558707968,0.4449122676372531,0.08076779716650304
2,887,0.27027271446786694,0.15015701675192047,0.03678175717598555,0.03546110694657536,0.4234014625802541,0.08392594207739754
2,888,0.25495191022269437,0.13554695317438611,0.04015288076777358,0.03527469670219634,0.4589433004086257,0.07513025872432397
2,889,0.2255904492715739,0.1500351109990693,0.03455188037707009,0.038679366117557956,0.4710410841404137,0.08010210909431503
2,890,0.22519065528461973,0.14245349327548887,0.036793054295122175,0.039602004474027445,0.4695077994883943,0.08645299318234742
2,891,0.2619712947833511,0.15398470052374041,0.03416916703447576,0.03709567896103073,0.4263879927374634,0.08639116595993869
2,892,0.26755152099802515,0.14531284478297302,0.03925935073330507,0.037561296642451614,0.42854080454668625,0.08177418229655885
2,893,0.25647088566412884,0.1507250270415309,0.03797996735354438,0.03402986113490344,0.44663228290992013,0.07416197589597226
2,894,0.22943653197418556,0.14832953480498856,0.03522732985376728,0.040083474916212704,0.47424509687332894,0.07267803157751684
2,895,0.2405274677097151,0.14544951663336936,0.03369443195639966,0.03709352661625931,0.46159780563963815,0.08163725144461853
2,896,0.25376414648861984,0.1410882323738239,0.03279076843805827,0.035048613628546374,0.4604802624800007,0.07682797659095106
2,897,0.25187968480265066,0.15069059466607038,0.03469941898445293,0.03851690886957284,0.4486961404337914,0.07551725224346176
2,898,0.237826902061275,0.13604135212621643,0.03745718021356927,0.03973626953476878,0.46580519038215995,0.08313310568201059
2,899,0.2761130868074415,0.1397015101594305,0.04048707363274182,0.04017173721219094,0.42660695052090025,0.07691964166729501
2,900,0.22668101563962625,0.13548604213986595,0.039148725979058684,0.039289665428977646,0.470651048410353,0.08874350240211841
2,901,0.24266470770261508,0.15201663865339626,0.032623802124118875,0.03420853599590405,0.4582936840068297,0.08019263151713596
2,902,0.24935985624279255,0.1458195581417281,0.039749185843813754,0.036266746397214486,0.43487941198874824,0.09392524138570287
2,903,0.24647568475489062,0.13774529889050335,0.03802709766430023,0.03925323418630942,0.45115191883325234,0.08734676567074415
2,904,0.2677727064272026,0.1567765638325435,0.03387774561418061,0.03788205903738063,0.41810265712040157,0.08558826796829119
2,905,0.23971304933782658,0.14518435386816234,0.03933673935855352,0.03552995726955273,0.46837035720991926,0.07186554295598556
2,906,0.2508784493962026,0.14337348969292343,0.037367625125151245,0.037522999878663296,0.4447455593788861,0.0861118765281733
2,907,0.26209231360690277,0.15346091750528731,0.03417236184328502,0.03700745675517571,0.43717152747618976,0.07609542281315937
2,908,0.2551788238447452,0.15069247208660458,0.03876379144910892,0.03778347916924155,0.4403619216821622,0.07721951176813752
2,909,0.2561088055990489,0.14884552175587584,0.03549728119272729,0.03449680013495431,0.44447025862539846,0.08058133269199524
2,910,0.24660018160685354,0.1424184303446412,0.03958745412156533,0.03554215679342199,0.45633848404279703,0.0795132930907209
2,911,0.26269584157924464,0.1455871820316862,0.03561935055185804,0.03577176684396334,0.42955130627823007,0.09077455271501778
2,912,0.24143474982293323,0.13622533201384215,0.03611973948706798,0.03854040838231559,0.46020537313740567,0.08747439715643537
2,913,0.26793764856016183,0.14392049298034046,0.03561396777136972,0.035349388194318904,0.44250466738397576,0.07467383510983333
2,914,0.23643729994925256,0.1465636824395759,0.040318015046082435,0.03838082485782198,0.46062671040814657,0.07767346729912059
2,915,0.23765690793470312,0.14544434807800524,0.035481882112615555,0.037215496672617296,0.4655603932069709,0.07864097199508792
2,916,0.24457736405109085,0.155107153398396,0.041018316738217306,0.036244882918574355,0.4344187248304499,0.08863355806327154
2,917,0.23094601492853267,0.14718023789878446,0.038627575760974794,0.03462011121602401,0.46975850500514754,0.07886755519053644
2,918,0.23677313035321637,0.1484125667918373,0.040973921439821794,0.040151898945761384,0.4552804587823844,0.0784080236869787
2,919,0.2460593952983222,0.14484367607199844,0.03461814294609304,0.040572527819993424,0.4591485306683043,0.07475772719528871
2,920,0.24388904793289679,0.15101717908812887,0.03826085765539167,0.03451927351875697,0.4548772809030329,0.07743636090179289
2,921,0.23953909539563092,0.15398947348519237,0.04057126084307098,0.035529762585547776,0.4400066159959133,0.09036379169464469
2,922,0.24528147477886753,0.14212372906722026,0.041525854205651296,0.034896171045374305,0.4476197787551205,0.08855299214776619
2,923,0.2538358553904492,0.16508103666889998,0.036529618514390835,0.03551334693153577,0.42250575994202955,0.08653438255269466
2,924,0.2264786404657699,0.13072521795402375,0.03796520185538097,0.0390694883021871,0.4869531042217465,0.07880834720089176
2,925,0.2634300514670869,0.1451056157151234,0.03901946482965759,0.04138060137684843,0.4354142347602062,0.07565003185107749
2,926,0.2644492585123925,0.14007194617860008,0.03493769094700097,0.03671327836232906,0.4442728966144828,0.07955492938519462
2,927,0.2663781934829806,0.14685901783118938,0.03737064502269768,0.03942150906184008,0.4294849536296924,0.08048568097159989
2,928,0.25018068523686676,0.1568667756302147,0.0356675978940425,0.03921880939876846,0.43092041337380227,0.0871457184663053
2,929,0.23724602723468566,0.15515666311756812,0.040487480034270634,0.03876152156363315,0.44777892194881563,0.08056938610102683
2,930,0.2306741959144246,0.15553657800248458,0.035934647250590174,0.03603272196489749,0.45527434128054345,0.08654751558705966
2,931,0.23191423994283272,0.1477192459106771,0.03978228745595479,0.03538048890056465,0.47107611202466626,0.07412762576530456
2,932,0.25316128194262544,0.159494833853512,0.03967715785513806,0.03905583668573155,0.41936814196191396,0.08924274770107896
2,933,0.23975536602850794,0.135377977869094,0.03630008599549023,0.03884338872820484,0.46484655915124345,0.08487662222745965
2,934,0.2473241705201148,0.13341554104668207,0.035343403054963245,0.0324815155481891,0.4722245382417124,0.07921083158833847
2,935,0.26864457235148215,0.14113497265543862,0.036241535942826836,0.03550821482403664,0.43987268651329375,0.07859801771292202
2,936,0.23405589759276615,0.1300017247836594,0.03711098282985188,0.033960386847555486,0.4775140565547489,0.08735695139141808
2,937,0.2576792316766977,0.14581250666961162,0.03910930627661565,0.04007783675373751,0.44373551185774585,0.07358560676559171
2,938,0.2747029381911003,0.13661594415744013,0.03890470266007296,0.03716846897031792,0.43311297972305085,0.07949496629801782
2,939,0.26944330489955703,0.1482790663930315,0.038708868956590196,0.03534222758811968,0.4269080605036146,0.08131847165908701
2,940,0.26021773684781063,0.14664670591997842,0.039774928715208074,0.03978449000893713,0.42880376961547884,0.08477236889258682
2,941,0.2375688969691185,0.13424627380783527,0.03588190676816937,0.03464781500681859,0.4750155478068407,0.08263955964121755
2,942,0.25190137261341916,0.14623763328415468,0.03584687143023418,0.040048034558102796,0.44102652861380587,0.08493955950028338
2,943,0.2595192716163778,0.12890299359924604,0.03423641828153433,0.03596015152749634,0.46053071367849896,0.08085045129684655
2,944,0.2574706484939267,0.1500370153665224,0.0333978058727307,0.03789240192389937,0.443914782149486,0.07728734619343489
2,945,0.25984401440754784,0.13188660833604376,0.036848786528598,0.03515077157635947,0.45440454608748776,0.08186527306396314
2,946,0.2437300679927843,0.13589176544490403,0.034985834778640486,0.03944534029949342,0.4594662010694014,0.0864807904147763
2,947,0.2509534028647647,0.14314614423566308,0.03284943985697375,0.037289420794280666,0.4570637130367919,0.07869787921152603
2,948,0.255009395840143,0.15147635603642365,0.033179141331138494,0.03638792817495286,0.44993188304707366,0.07401529557026834
2,949,0.2391387611152495,0.13436431501994192,0.039517996677991094,0.03308373837323381,0.4769840442864571,0.07691114452712654
2,950,0.23771890770368034,0.14083758734052718,0.03564858572828002,0.03864189291124633,0.46787424553593215,0.07927878078033401
2,951,0.23366436310174893,0.14163813074163628,0.04129833055573483,0.03633047262803863,0.455492317928541,0.0915763850443003
2,952,0.21897459292896412,0.15116283184515394,0.03556596529386167,0.037764954936447735,0.4823739304635949,0.0741577245319777
2,953,0.2728408448655089,0.1604436965702749,0.03637974727362307,0.03444916926331411,0.42071042691180843,0.0751761151154706
2,954,0.2698947319979247,0.14015564365047373,0.04053882266994992,0.03534448826943566,0.43054864094508394,0.08351767246713208
2,955,0.24679379808565255,0.14971983562197042,0.038751158905292016,0.035034701789355,0.44280699342025115,0.08689351217747882
2,956,0.2517133554993705,0.14601521685273475,0.033025514357069775,0.035804854387154215,0.45035883132771937,0.08308222757595143
2,957,0.23027800233760284,0.13734897094074655,0.03429221258876597,0.038804559988961866,0.4788369719267314,0.0804392822171914
2,958,0.25658536593237624,0.15584735247107848,0.03965037933508968,0.038809175037133804,0.42371470028941466,0.08539302693490719
2,959,0.24685764961419276,0.13330203233679774,0.03748743429540615,0.034209931676869434,0.470028501084729,0.07811445099200494
2,960,0.2369786202025675,0.15218268684472694,0.03489860433118331,0.035564028774621684,0.4560115652357511,0.08436449461114937
2,961,0.24575422101584324,0.13010093382389842,0.03737227348777703,0.03960317690238897,0.4599094055262631,0.08725998924382927
2,962,0.24020190964886096,0.15067821629286673,0.03305573637480278,0.032878174660309234,0.46240654886139554,0.08077941416176476
2,963,0.2578000391066789,0.15087898591469642,0.03405452646763496,0.03588191811041105,0.442488849712738,0.07889568068784054
2,964,0.24344746577241,0.16056864541031712,0.036281072168104,0.034607351790837834,0.4343986262539644,0.09069683860436666
2,965,0.2550926405405995,0.14677674156112444,0.03402032594213756,0.0371861198822988,0.44526818728267525,0.08165598479116454
2,966,0.26300535792893626,0.13809766753374697,0.03657845179508731,0.04108742025861831,0.4403987680952268,0.0808323343883843
2,967,0.24832421524419854,0.13108820904638924,0.03671728985923314,0.038900515297823096,0.4626857033307614,0.08228406722159444
2,968,0.24684812899208267,0.13094700922755015,0.03923806588389042,0.03802337015449715,0.4620916469938973,0.08285177874808224
2,969,0.25182616674251396,0.14050728896264483,0.038635025366922156,0.03813752979177545,0.44486683220845685,0.08602715692768673
2,970,0.2591531019559902,0.1299339384512193,0.034337030392396786,0.03374962809314142,0.45807445562025234,0.08475184548699985
2,971,0.22220179029539355,0.14962284185061378,0.03528684631826506,0.03882621881258812,0.4723576406750312,0.08170466204810824
2,972,0.24702847932467398,0.14096490393349173,0.038878616244640354,0.04137290719315607,0.4509092891095967,0.08084580419444108
2,973,0.25384272078556724,0.14594031949419028,0.03541474647735334,0.03697088891470779,0.4435327405083765,0.08429858381980483
2,974,0.2362220302361674,0.15115768478930666,0.03314386179886974,0.03329917643414443,0.46091494154393065,0.08526230519758106
2,975,0.2380646598656134,0.14690580217585364,0.035595167840054676,0.03667031180220101,0.4544156378158547,0.08834842050042255
2,976,0.24027431531315196,0.16252707455509371,0.03881747027090196,0.040447071745087444,0.43159572395244844,0.08633834416331647
2,977,0.249614809192944,0.15628342797306258,0.0346408284660611,0.034436429441264724,0.44201312817716787,0.08301137674949964
2,978,0.239957030084599,0.14668020587764022,0.035455839009519284,0.04152194239327325,0.4610638318330713,0.07532115080189687
2,979,0.2510528735758358,0.1447320888802139,0.04180127079578447,0.03613288149708256,0.43976081236791453,0.08652007288316875
2,980,0.2501050792943281,0.14281093948865156,0.0368251610304215,0.034152870741814674,0.46030781461923176,0.07579813482555232
2,981,0.2559242354715334,0.1482398725232033,0.039644141922002,0.036551915634305626,0.4375193448744059,0.08212048957454973
2,982,0.24478090550005843,0.16090245034898973,0.04008208610079877,0.040785252008617184,0.43232423413938836,0.08112507190214746
2,983,0.25927292482358544,0.16350355407627104,0.03759580976659479,0.036969838548641616,0.4215518568883554,0.08110601589655171
2,984,0.24512876753260446,0.14240448262360017,0.03841798294127219,0.035079215708642,0.4572280418294172,0.08174150936446396
2,985,0.24241600736809724,0.1665884066465391,0.03865356332612805,0.04180030294331621,0.4325991087961577,0.07794261091976168
2,986,0.2645987063244831,0.15876950348424626,0.034503100509854445,0.03806540852853745,0.4211841335200936,0.08287914763278517
2,987,0.2533107568271662,0.14191901937265203,0.03465365582889513,0.034508387174592495,0.45326770751754747,0.08234047327914668
2,988,0.2522498420263444,0.15345190341889978,0.03815410774405522,0.03453723878328579,0.4433598130597968,0.07824709496761798
2,989,0.24399043384802788,0.15808170562688664,0.04184588214346061,0.04016847933133133,0.42474331775187163,0.0911701812984219
2,990,0.2440834569616409,0.15007975172894789,0.04249372604618787,0.04146229144089192,0.4405372432419529,0.0813435305803785
2,991,0.22612603606394674,0.14314370913523733,0.039232036726987204,0.04100262220390493,0.47621160565036363,0.07428399021956013
2,992,0.23197329666953193,0.14395998973896335,0.03894080110695339,0.03379716878992091,0.46821662014757764,0.0831121235470528
2,993,0.22783734588434604,0.14917622344734566,0.03890138185827152,0.035347802527850976,0.47375655499637764,0.0749806912858081
2,994,0.2472543299381384,0.15103023709319968,0.03784727699374133,0.03744466217531993,0.45086505820510386,0.07555843559449689
2,995,0.25126503337338807,0.15397545053805733,0.042926027536259785,0.039444579470228315,0.42541542665292675,0.0869734824291397
2,996,0.23109466389249525,0.15474442389150875,0.03952091658651854,0.03533879858678038,0.4600508126315864,0.07925038441111068
2,997,0.23617670533225807,0.15112852638585017,0.03621180167072674,0.04057118739056578,0.4591300811205149,0.07678169810008438
2,998,0.2524072049444894,0.15172290878468642,0.04279051895795875,0.036108691949825945,0.4312859593688242,0.08568471599421532
2,999,0.23028439772872972,0.15715296693625977,0.033635272133705485,0.03743718739819734,0.46854144905166073,0.072948726751447
2,1000,0.25464508055493457,0.1293092683920425,0.03554341762739902,0.035800713802771576,0.46219193108516365,0.0825095885376887
3,1,0.14439098005379372,0.13735552166688436,0.042317130131368605,0.13296897841511254,0.4716991612859429,0.07126822844689791
3,2,0.13881133397370254,0.14064735617894839,0.04329876692198494,0.1217560352056108,0.49219352724832544,0.06329298047142785
3,3,0.139999326082254,0.13183156024123377,0.037076958426373055,0.13206319101164754,0.489291254661993,0.06973770957649866
3,4,0.13893191780451192,0.12616550676400987,0.03751091821248568,0.1173949627337616,0.5069566309085979,0.0730400635766329
3,5,0.15876239326607566,0.12066221845053172,0.04521557458971686,0.12465324489666545,0.47438131546035683,0.07632525333665348
3,6,0.16410908839975905,0.12666696926500806,0.042302482040467826,0.12188582425615735,0.47122273119266084,0.07381290484594687
3,7,0.15348659931464637,0.13321279369760483,0.04312705337204798,0.14467520926842056,0.452332378119394,0.0731659662278863
3,8,0.1386346301592317,0.14765356205618818,0.038208948028813694,0.14128137005526534,0.46708976850322936,0.06713172119727169
3,9,0.1490511137387555,0.14466351877217484,0.0395047291535144,0.14415609038033939,0.45475518143955135,0.06786936651566454
3,10,0.14588295483588617,0.13737255273130464,0.036723661099789404,0.1278701708633972,0.48909497933910073,0.06305568113052175
3,11,0.1480546777734564,0.11556847377656333,0.04148991316349767,0.12674523980229643,0.4952705866162642,0.0728711088679219
3,12,0.14720757889301378,0.13927900214273858,0.040625812257672894,0.12782014912328166,0.48026590167095984,0.06480155591233329
3,13,0.1569248768016931,0.1194869740112281,0.037796460781696455,0.1300343436442442,0.4869293693864008,0.06882797537473728
3,14,0.15682137666364337,0.14130234045699577,0.036546158696258366,0.13845597072623378,0.4609164793703816,0.06595767408648705
3,15,0.1467207736568571,0.11710773234562195,0.0392478259522313,0.11998541847141415,0.5020331493218054,0.07490510025207009
3,16,0.1541606009412112,0.1250630726272111,0.03971413829854319,0.12855735820115555,0.4852783893530904,0.06722644057878846
3,17,0.1456988255337245,0.1327873791100098,0.039826004093413414,0.13019452580495192,0.48812097761131035,0.06337228784658992
3,18,0.13474518914052058,0.12283500068234414,0.04148033998751961,0.12931073762457074,0.5002710314643366,0.07135770110070837
3,19,0.14948077515694705,0.1239517722125047,0.038945731695917286,0.11698446939114066,0.49715148620668337,0.07348576533680688
3,20,0.13793447275938475,0.13406683047874,0.03497726759065114,0.12135231692325846,0.501189584888,0.07047952735996563
3,21,0.1446660358599819,0.1297313298798438,0.041012946056906315,0.13224145293637982,0.4907297028920771,0.06161853237481104
3,22,0.14025707005089044,0.12693753407289074,0.037723084489485276,0.127317535491024,0.5053304671180361,0.062434308777673544
3,23,0.13082994241261037,0.11766083720023444,0.039682019782041715,0.1340370187635411,0.5084909983541854,0.06929918348738694
3,24,0.14352290116433397,0.1263367085965902,0.03931704387701178,0.14212686855229145,0.476283867402281,0.0724126104074916
3,25,0.1336257614844083,0.12934545929276883,0.035671220516197887,0.12387911201854827,0.5052973309176085,0.07218111577046812
3,26,0.1389725572834678,0.14024695539709559,0.043062139700724165,0.1375418099165138,0.4741275251961435,0.06604901250605526
3,27,0.15753274579333476,0.13459766525148523,0.04549298997838976,0.1239744205693148,0.46894269396948723,0.06945948443798818
3,28,0.13877143607487902,0.13374771336801936,0.04335631494832958,0.1342629570135756,0.47505302501798014,0.07480855357721639
3,29,0.15371443822096748,0.14274850305901426,0.040749152291457126,0.12455597901597215,0.46433816788649884,0.07389375952609016
3,30,0.1395771811225039,0.12222352644177513,0.04073315623372463,0.12145031165568834,0.5031690886003144,0.07284673594599354
3,31,0.15725391343124598,0.14106401947034733,0.04296035118100197,0.13248951840724524,0.45198077390982394,0.07425142360033551
3,32,0.13312231883158218,0.13143517264434798,0.042971341305776074,0.13319568172640017,0.48832528651860413,0.07095019897328948
3,33,0.15299137307966268,0.1240362281731032,0.0436934766371835,0.14469675331272347,0.46766552380931015,0.06691664498801704
3,34,0.1476672739716418,0.12404537311084761,0.043669129513396555,0.12691618233063195,0.489807693807861,0.06789434726562105
3,35,0.15289864336466796,0.1344013144044052,0.044324949113921285,0.12800003179193223,0.46258706961130475,0.07778799171376863
3,36,0.13498217922226927,0.12541369856914594,0.04216308053389478,0.12124126970752316,0.5071053536514162,0.06909441831575067
3,37,0.13615198463637138,0.12913555545258912,0.04388226482802535,0.12606607802899764,0.496621379909962,0.06814273714405457
3,38,0.1373179955214326,0.1353146049231124,0.04203572490125372,0.128255528892902,0.4878664217881217,0.06920972397317755
3,39,0.15862330907784752,0.13190251550716012,0.03772745116214998,0.1421587554002245,0.4574660341392528,0.07212193471336509
3,40,0.13954879364825476,0.14222666013194904,0.04286802290577765,0.13004617692108725,0.4709133929428885,0.07439695345004287
3,41,0.13349401545443124,0.14418182572430618,0.04393310910020557,0.1347458053920858,0.47786368297221765,0.06578156135675362
3,42,0.15480539965531612,0.1338089568502761,0.04103723450501138,0.13016963085135475,0.46496295705131924,0.07521582108672244
3,43,0.13542131996618864,0.12729415850790107,0.03751483000035785,0.12212123815305173,0.5139848500526792,0.06366360331982146
3,44,0.14669527953890826,0.13987449470578533,0.04045717140755983,0.1228954544182084,0.48320320394706723,0.0668743959824709
3,45,0.1516634643229122,0.1345293869769549,0.03648863420094861,0.12486179923288385,0.48492806141938455,0.06752865384691578
3,46,0.14074635252172774,0.12060873216200174,0.0431098575518638,0.13954265674472147,0.4892397970310967,0.06675260398858851
3,47,0.1473059376810597,0.12988590287904278,0.0416302921297382,0.13507203740288645,0.47490840666214146,0.07119742324513136
3,48,0.14304569699235178,0.13373978944390996,0.03807541177233934,0.13289921927264714,0.4816342013569204,0.07060568116183134
3,49,0.14078475589935877,0.13327928066612799,0.04289416907482573,0.13852687837587038,0.4643580600784257,0.0801568559053914
3,50,0.14328423628089526,0.13466425319223882,0.042225009132782265,0.12717885416549685,0.4772334439873919,0.07541420324119487
3,51,0.1490375991858619,0.1332352494494326,0.038248883437882006,0.12379365304134525,0.4876149331547722,0.0680696817307061
3,52,0.15055518728511594,0.13179040433188555,0.0424336865535789,0.12508926683842195,0.47090156577618325,0.07922988921481434
3,53,0.13757823256631477,0.13121099926391988,0.03865210347305757,0.14078594276095568,0.47408147704641407,0.077691244889338
3,54,0.14849344928881494,0.1339554608818253,0.04112383799451475,0.1476748068856488,0.45157250209494,0.07717994285425618
3,55,0.15131249375143294,0.13602208823380907,0.0374752934071276,0.12891763695183325,0.4792564643406953,0.06701602331510183
3,56,0.1387158956892086,0.1224389265037055,0.04120801714916974,0.1295296880043232,0.4938905866010269,0.07421688605256598
3,57,0.14464137267173544,0.14806306919206935,0.04305197047335985,0.1357303270763876,0.451159998528248,0.07735326205819976
3,58,0.1591428997457589,0.12557549001330934,0.039763944257671414,0.12884485236054474,0.4792132138366588,0.06745959978605673
3,59,0.14386506733732285,0.13366748648744883,0.03751427575007908,0.11876060336867163,0.5019334157477251,0.0642591513087526
3,60,0.14282725814781194,0.12877244808273225,0.04374106985179245,0.1412166225106674,0.4779129131367511,0.06552968827024487
3,61,0.14498176296724266,0.11827211420649728,0.04075901980592814,0.12166393765222792,0.5067351310333355,0.06758803433476859
3,62,0.13877599147882788,0.1192923046107546,0.03738194111998269,0.13362916816515907,0.49923470271879855,0.07168589190647719
3,63,0.14516489549380615,0.12545809868215507,0.04170519605423337,0.15085943062172075,0.4703754770519464,0.0664369020961382
3,64,0.14684984785627714,0.12080889610216677,0.04134691485767742,0.1289328747007789,0.4973548580670425,0.0647066084160573
3,65,0.12912907846763053,0.12146201362919627,0.042025510685945955,0.1367588016756846,0.497651306571863,0.07297328896967964
3,66,0.12960994132268466,0.11428818252486103,0.03707575318572622,0.13579543655801904,0.5093117717843451,0.07391891462436395
3,67,0.13480940257336077,0.12005268095888594,0.03813938598850911,0.1314005872532578,0.5061347326739536,0.0694632105520329
3,68,0.14112480961155605,0.13215436069582426,0.03875465872909015,0.11704009242339501,0.5075097426078452,0.06341633593228936
3,69,0.16115745794969466,0.1399876341479095,0.04065616788475638,0.131892152799846,0.4602714932783173,0.06603509393947612
3,70,0.16144720367915724,0.12571612308834682,0.04357735516363068,0.1437540007117955,0.45180183438196697,0.07370348297510275
3,71,0.14734013793993947,0.13483597429567942,0.0414108555284259,0.1297603199986754,0.4799310879360075,0.06672162430127238
3,72,0.1496380810556302,0.1265811113282464,0.04291017631790761,0.14203519573890072,0.4679519777840192,0.07088345777529598
3,73,0.1394428350901549,0.1412451975902869,0.042063473832939284,0.13736066602100558,0.46927792063289586,0.0706099068327175
3,74,0.15900722095520894,0.13758264452194544,0.038383078349563865,0.14179341791959543,0.4538656818626337,0.06936795639105273
3,75,0.1594737951241784,0.12801121945866636,0.038200352283862635,0.13306098883113532,0.46505126563269383,0.07620237866946347
3,76,0.1511103599950119,0.13914437547816963,0.0418407180573744,0.13921779643599227,0.4625606497374348,0.06612610029601697
3,77,0.1435975587059397,0.12454173848865024,0.04105518806597804,0.13452288901083126,0.489090719896569,0.06719190583203173
3,78,0.15330420082513135,0.11695652004988996,0.03593988955736821,0.12101560350384435,0.507306736372757,0.06547704969100901
3,79,0.1419216163114844,0.13887107171401347,0.04321002155895999,0.13158838510777573,0.4785354323090028,0.06587347299876369
3,80,0.15116303575774634,0.12769512893671559,0.04319580341636233,0.13820763707645037,0.46457504153795764,0.07516335327476772
3,81,0.16091231851923132,0.1358024938944453,0.04038108790051647,0.1283085283361419,0.46282755977457457,0.07176801157509045
3,82,0.14560740313610368,0.13795997792092807,0.040738887015447034,0.11955338121257215,0.4814831158974443,0.0746572348175048
3,83,0.1457041009816729,0.12527009674020684,0.03934890692895354,0.1423308844284112,0.4735727625675876,0.07377324835316793
3,84,0.14180047849160402,0.13836128257249955,0.03986464731791807,0.1375851558518944,0.4702301354864628,0.0721583002796211
3,85,0.15383513180055516,0.11883823744775927,0.04117588868206533,0.12397946763316389,0.48919766747654153,0.07297360695991484
3,86,0.12999675902834856,0.12287126044531729,0.04374162199434969,0.1368213958007178,0.49440891013584104,0.07216005259542566
3,87,0.14703639564212678,0.12738361529058975,0.04239134416865651,0.12155889736693892,0.4943954959424401,0.06723425158924798
3,88,0.15746988282880303,0.1249314786176916,0.038505191089906875,0.12960517221098536,0.48371105989433166,0.06577721535828142
3,89,0.1319735568944961,0.12468902227871621,0.04167615253270131,0.12431989747278475,0.5027888380433636,0.07455253277793801
3,90,0.14997170469639967,0.12199245010550824,0.036583221596023605,0.1358371962991606,0.48959291076266415,0.06602251654024369
3,91,0.15068238722695063,0.12489889483148513,0.037821952554602814,0.12459958675387478,0.4948830610996987,0.06711411753338804
3,92,0.1469406302053262,0.12861230522372202,0.03701536835487779,0.13720060382465865,0.48367877086744854,0.06655232152396678
3,93,0.14134858000746112,0.13764734965936662,0.04137359310402449,0.13843565207458758,0.4759475097185311,0.06524731543602913
3,94,0.14871604722523468,0.13103177175442,0.04261774353520315,0.13083417479538295,0.476999928567965,0.06980033412179412
3,95,0.1499767122784966,0.1384848729962504,0.04195474440576452,0.13028115683712801,0.46216286784114474,0.07713964564121566
3,96,0.1489900737577805,0.12037863665014663,0.03753842981303715,0.12351340807880387,0.4997631712747664,0.06981628042546546
3,97,0.14248387537170076,0.13682421417123652,0.038472418343117286,0.13809802266187177,0.4731734054650333,0.0709480639870403
3,98,0.15528538496211117,0.1294349962498165,0.042081986498469226,0.13766834469274497,0.46015802549522183,0.07537126210163636
3,99,0.14782976738636985,0.1457263389739141,0.04260220142256386,0.14355018487023544,0.44707491745721545,0.07321658988970133
3,100,0.12983935378471748,0.1330032053389684,0.03759075376070148,0.13349634726668733,0.49533899624426647,0.07073134360465891
3,101,0.14355154704557066,0.11738219201607036,0.03750906006864138,0.1408716408534769,0.4943758215704024,0.06630973844583822
3,102,0.14319317832980596,0.1444299399222621,0.03904517499162411,0.14049770244634896,0.45627457469161425,0.07655942961834465
3,103,0.1421524488599451,0.14034680995880444,0.041512612736255214,0.13754924330972562,0.467814584041977,0.07062430109329254
3,104,0.14447543029988752,0.12427128534050078,0.04145661318570305,0.12535776587355169,0.4940315514871234,0.0704073538132336
3,105,0.15354655026157593,0.1328802915023816,0.04321028157579035,0.13223653663385213,0.4595854020080167,0.0785409380183833
3,106,0.15270831041258737,0.1197743361461162,0.03603287309801061,0.13579628320691126,0.49184993364565793,0.06383826349071665
3,107,0.13376663667840322,0.13286430955945405,0.03883897898147677,0.1269759875381445,0.49572659624347676,0.07182749099904473
3,108,0.15171372950548248,0.12651607090264358,0.03546673006426975,0.11718812528883134,0.49741824533224566,0.0716970989065273
3,109,0.1533385379190632,0.13163701520145402,0.04075094805363101,0.14204356122336517,0.46543750753020524,0.06679243007228132
3,110,0.136388245698058,0.12929562905599162,0.03890078269901871,0.14047454471284115,0.4807108601946076,0.07422993763948287
3,111,0.13784146589678217,0.133424619874509,0.03965946372166781,0.12329449013551018,0.5005593975464663,0.06522056282506447
3,112,0.15753664093392658,0.13583858469679597,0.03892183136707342,0.11776194126803866,0.47764915574339223,0.07229184599077321
3,113,0.14914274111056558,0.11842669736138625,0.04138771031412159,0.1270599693685574,0.4966390945830071,0.06734378726236212
3,114,0.15513640266550416,0.12383221442669302,0.03567369464875525,0.12817680260632958,0.48710775036541154,0.07007313528730647
3,115,0.14952588820115822,0.11739392032229354,0.03724512055640159,0.11860329643159503,0.5036904518543485,0.07354132263420324
3,116,0.15466846620882338,0.13633824017115007,0.03703210642664553,0.13706248736398413,0.46411026876254924,0.07078843106684767
3,117,0.15132458007514846,0.12552562533862174,0.0361028078321735,0.11642215049070309,0.5024772260048104,0.06814761025854282
3,118,0.144178434529533,0.13480400188908212,0.03855043653982235,0.1275217258451258,0.48631086949928715,0.06863453169714955
3,119,0.14932831209787512,0.13130180727648347,0.04325474696935118,0.12986403201093752,0.46868100236848687,0.07757009927686581
3,120,0.13796369676046386,0.13743479203280523,0.04060674260267546,0.1297661210042648,0.48027745616792883,0.07395119143186184
3,121,0.1445195399458728,0.1437683819844089,0.0404789673819164,0.1314500538674672,0.4692559108109972,0.07052714600933752
3,122,0.13150308615428444,0.1244697581878146,0.03767271368193076,0.13067916278659011,0.5022509477057062,0.07342433148367389
3,123,0.14691878028866606,0.12937087499583763,0.041557469420000236,0.13100348509025245,0.47382040906765166,0.07732898113759196
3,124,0.139656603336674,0.13343033999447657,0.03783079358698538,0.13202669046896667,0.4888701991079054,0.06818537350499197
3,125,0.13575791274263851,0.1279489330904635,0.04204433756650861,0.13423010047325523,0.4830664391178436,0.07695227700929055
3,126,0.15756472900225457,0.12114538512680194,0.04183029631550178,0.14135705855005487,0.4658197997581658,0.07228273124722104
3,127,0.1474085089082811,0.12617781288991187,0.04033628790032163,0.1335444483511216,0.48577235804420643,0.06676058390615734
3,128,0.13824767865301965,0.1275378610842643,0.04081435614839065,0.1368765739703269,0.4833455843139292,0.07317794583006927
3,129,0.15578422614854925,0.12973448943315724,0.04133699061752614,0.12374079899192868,0.4778178817603425,0.0715856130484961
3,130,0.14326112149962814,0.13351856192982803,0.042771329205465246,0.13889179355178194,0.4646799401237612,0.07687725368953541
3,131,0.1428787290500678,0.13040120556653237,0.03677878011951248,0.12082184392443063,0.49629204434979224,0.0728273969896645
3,132,0.14467138092702603,0.11862887717265988,0.03743676781265555,0.1398699842681406,0.49133973630875105,0.0680532535107669
3,133,0.14051496312246772,0.13277609193587203,0.038455779261784555,0.13188725625756556,0.4898190088199558,0.06654690060235431
3,134,0.1538846005493369,0.1410732315585981,0.03940125985372297,0.12867925409701805,0.4621864073366681,0.07477524660465583
3,135,0.14505105300286936,0.12676989619415532,0.0382102242463365,0.12990847751991555,0.4924618158132495,0.06759853322347374
3,136,0.14514328697195822,0.13583846734270655,0.03779921887822872,0.12524704649113474,0.4913449462731241,0.06462703404284764
3,137,0.14517574142897594,0.12363228113378136,0.03893066239008639,0.13096210374054493,0.4999551525868141,0.06134405871979718
3,138,0.15652466223469838,0.1356007060722521,0.04370903154426177,0.12375120081023996,0.4770526328320332,0.06336176650651461
3,139,0.14183773119017892,0.1288828647519631,0.04034647242569126,0.1361410633687791,0.4764048048268662,0.07638706343652145
3,140,0.14121119812753713,0.13256069449472813,0.039317804327158784,0.13568472944698215,0.47400078119640604,0.07722479240718776
3,141,0.1592615340935209,0.12865461661946104,0.041280802281999485,0.13512140804946496,0.46689937865157055,0.06878226030398304
3,142,0.14802096013344593,0.13430722215301533,0.041665611537071635,0.13339004009813885,0.4691874764940038,0.07342868958432451
3,143,0.12820059831316574,0.12645991769544707,0.042389804021852065,0.12467415935290975,0.5107095515927488,0.06756596902387664
3,144,0.13612011909666208,0.12949323062478793,0.04037133791972995,0.1289628583143764,0.4949553042574718,0.07009714978697185
3,145,0.14154130742365092,0.1461185642196663,0.0394402927045208,0.14605137053855555,0.4519084001660961,0.07494006494751028
3,146,0.1492410717202144,0.12625639141917017,0.038824480537398676,0.14680050671704248,0.4703001388643734,0.06857741074180092
3,147,0.13336666921731583,0.13126709954284296,0.04303907411597042,0.12115535269062082,0.49728398852123407,0.07388781591201592
3,148,0.15115889962316365,0.1387692970090134,0.04127058217871953,0.13223600641867111,0.46909269206353305,0.06747252270689934
3,149,0.1398495131977037,0.1339337125524719,0.03905782424436101,0.12825423050798573,0.48673255962201234,0.07217215987546534
3,150,0.14616009279437558,0.13360139183200742,0.04129557338609435,0.1371033487596427,0.47570880127975484,0.06613079194812503
3,151,0.1448304658302349,0.1412625181862538,0.03944884376279693,0.13830567002438982,0.4598223710361878,0.07633013116013676
3,152,0.12737183952427122,0.13666032282532162,0.04053144346104369,0.11513879224741902,0.5148143241576616,0.06548327778428288
3,153,0.1398254485358597,0.1480501939071634,0.04272451073361114,0.1341842261245441,0.4687701170276802,0.0664455036711415
3,154,0.15325704538853788,0.1333219859890377,0.037660448974698106,0.12862494197821273,0.4815122918281422,0.06562328584137145
3,155,0.1504519461447897,0.12816705038402765,0.042002509425300975,0.13458500636355564,0.4758999998434539,0.06889348783887217
3,156,0.13320466456149613,0.12774342470233957,0.035753171340688714,0.1184288334057747,0.5128836448129772,0.07198626117672369
3,157,0.14494515860402668,0.12845400947523414,0.040597159786670466,0.1320663512562657,0.4719667358182616,0.08197058505954144
3,158,0.14839486410559513,0.1281880137803342,0.04564407229742594,0.13993948044456284,0.4624338219287054,0.07539974744337648
3,159,0.14415956520185455,0.12180286904720858,0.04373913572461754,0.13990819185640324,0.474884410958899,0.07550582721101708
3,160,0.13916721708030766,0.12817061387823753,0.04286520168694108,0.14505489638438365,0.47485079307687683,0.06989127789325328
3,161,0.14102286075792378,0.12060698773229701,0.037136601216360685,0.13783240456284782,0.4991308218301981,0.06427032390037264
3,162,0.14322872197978886,0.13197913182741636,0.04309222824830488,0.13920726180772988,0.47992291733230347,0.06256973880445667
3,163,0.15444655338884636,0.12634370807532144,0.043774696850470106,0.12075811763509749,0.4908624491456645,0.06381447490460011
3,164,0.12663185539144572,0.12202594931271062,0.04149191931815105,0.13688628704885317,0.5069907573798218,0.06597323154901757
3,165,0.14334347280299936,0.12485913540635775,0.038782473548553784,0.13097582112462938,0.49003517366446725,0.07200392345299256
3,166,0.1434478566833136,0.1456205708845446,0.041419643817328156,0.1247843724732296,0.4745758769394408,0.07015167920214324
3,167,0.1532570013433764,0.11444839462631577,0.03627435253206299,0.13641516981108232,0.4934537434480211,0.0661513382391414
3,168,0.14203593600028935,0.11795814550003147,0.036267119433807934,0.13657719071988386,0.4954613289028724,0.07170027944311495
3,169,0.12863078035132558,0.1194273994731492,0.040569742383380146,0.1198677639869123,0.5185839233193937,0.072920390485839
3,170,0.1640743302504597,0.1407784995369959,0.037605646507057236,0.12547987183498877,0.4649939910960068,0.06706766077449164
3,171,0.15126766486128576,0.14980091664257775,0.03861693446095645,0.13532122273532507,0.45617693961209577,0.06881632168775927
3,172,0.14646159112089546,0.13163059450579206,0.0406322226088479,0.13552626722338904,0.46975592873674665,0.07599339580432884
3,173,0.13157437053736307,0.12833770874424258,0.039813677512176814,0.124499458885154,0.5050613595828988,0.0707134247381647
3,174,0.13337087248070376,0.11905012396028687,0.04359045243210035,0.13757988950221958,0.49365316215239596,0.07275549947229351
3,175,0.15076906949354854,0.12206371571010834,0.03878428520100464,0.13153327538292245,0.48924328118030724,0.06760637303210881
3,176,0.1500076664401359,0.1344963137075525,0.039940272267435996,0.13809774269013736,0.47365803178488836,0.06379997310984988
3,177,0.14016339775600434,0.12572723982862635,0.041170304190129445,0.127507134128805,0.4963804616124547,0.06905146248398024
3,178,0.1509730180704603,0.13609274316731515,0.04085598586431427,0.12168780135086509,0.48287594732261,0.06751450422443518
3,179,0.14440313519297393,0.13551226537546654,0.044881594393783676,0.13704176398756931,0.4653960780193467,0.07276516303085985
3,180,0.14047538563354942,0.13138298406773066,0.03620759987259585,0.11807379560132568,0.5081644488440676,0.06569578598073081
3,181,0.15049331193270152,0.13894354182320504,0.040098157886287296,0.12568697578217816,0.47251678577103007,0.07226122680459793
3,182,0.1603789531601199,0.14514059529119797,0.04360375408336917,0.12355541982531859,0.45750772948623714,0.06981354815375726
3,183,0.1327428832902414,0.1317086100972255,0.039467162600828,0.11496735320099215,0.5115150969649533,0.0695988938457596
3,184,0.15652756361013037,0.13133312185571042,0.04301228123804005,0.12090123531700218,0.4726958667665939,0.07552993121252306
3,185,0.15081205701038272,0.11643368899245206,0.03651909549804694,0.13284306876206364,0.5027529982724631,0.060639091464591635
3,186,0.15204259273507417,0.12325416214462234,0.040274825382873664,0.14023448328787858,0.4770515235080565,0.06714241294149467
3,187,0.1598054927507033,0.1305146911623322,0.04114930475387745,0.13544717626853964,0.4612351831257707,0.07184815193877675
3,188,0.14702599177097875,0.133179068431172,0.038953849047157756,0.13627732230242695,0.4799164400657505,0.06464732838251393
3,189,0.15879129594093241,0.13602226977343745,0.038710998831814857,0.13121833228015486,0.47136218458646173,0.06389491858719866
3,190,0.1413606888631987,0.13163470048530637,0.03556104448425854,0.1286143290838804,0.5013539830092671,0.06147525407408886
3,191,0.13580731925278067,0.1366458892641137,0.043253301170838795,0.13419126010741317,0.4843306794925059,0.06577155071234779
3,192,0.14925285657635334,0.1403951552901172,0.04384952816842319,0.13992724898033687,0.46134091588996057,0.06523429509480877
3,193,0.15191184353174572,0.13436962377551204,0.037327207595772335,0.11740704552597522,0.4901902609059543,0.06879401866504037
3,194,0.134349611178177,0.13835785286538105,0.043753206640178226,0.139728317893758,0.4730584910446837,0.070752520377822
3,195,0.14708305716464895,0.14850981745694652,0.04385307267836253,0.1303798211518674,0.46017477533069434,0.0699994562174803
3,196,0.15026531656811826,0.12575333219083953,0.03918523430509301,0.11954108609095161,0.4970360256136453,0.06821900523135237
3,197,0.15454617002157242,0.13626151009582144,0.03967649106626267,0.13677004050451808,0.46385498644977735,0.06889080186204807
3,198,0.1369761477013018,0.12892269832640532,0.04436369118876187,0.13626201826964124,0.4891196521142578,0.06435579239963202
3,199,0.1516901697109042,0.13478930724007832,0.041003173478406964,0.12855730669275986,0.4760047749172507,0.06795526796060004
3,200,0.14928809542552504,0.1318714711886416,0.04549140208525473,0.12599947685227905,0.4728052632383898,0.07454429120990978
3,201,0.14430722542340116,0.12590481372417858,0.04149142583824346,0.129945199125724,0.49374990065847735,0.06460143522997551
3,202,0.13633213082459247,0.13446818416019243,0.0348547258435013,0.12271500067150781,0.4981956915887962,0.07343426691140974
3,203,0.1623598981135757,0.14110573977998545,0.04182640452948336,0.13891525789250675,0.4431556463052685,0.0726370533791802
3,204,0.13584189738489663,0.13580049585262674,0.03477190160447359,0.1227392264819401,0.5022481420809135,0.06859833659514948
3,205,0.1618955176988711,0.12390232437548523,0.039745631485987254,0.13183087300506025,0.474858513962343,0.06776713947225316
3,206,0.14279830423638795,0.11991586377701026,0.04146427455751713,0.11938378110460557,0.504163593623031,0.07227418270144818
3,207,0.14830049028659192,0.13174575210692313,0.03761635744667609,0.13463824651637507,0.4869231323428724,0.06077602130056134
3,208,0.1505886302565382,0.13935316606842182,0.04058254539143456,0.14178048475925956,0.4626526318535406,0.06504254167080525
3,209,0.15059956304686992,0.13555823381754875,0.04195972856449561,0.13245073356640197,0.4698084479463129,0.06962329305837088
3,210,0.14069146794471316,0.13934082219088023,0.03587429677185262,0.13846823036185746,0.4756420252365109,0.06998315749418565
3,211,0.1520232412985213,0.13269806695324649,0.04682364680603725,0.1327361157936698,0.4684234140387058,0.06729551510981942
3,212,0.1536448970952467,0.1300975805850531,0.04069819246234471,0.12551864023016956,0.4786776238404114,0.07136306578677447
3,213,0.1572807058873392,0.13582736608822674,0.04110516501331313,0.14097391452723942,0.4492140512307862,0.07559879725309532
3,214,0.1515946652211356,0.13739087931004715,0.03961122258009167,0.13623505394583593,0.4667688714996074,0.06839930744328228
3,215,0.14632471155595905,0.13719645417625587,0.040686159710349855,0.1364097429336888,0.4659711552703275,0.07341177635341892
3,216,0.14413701847297072,0.1289769578301152,0.0366759891896824,0.1286384877710813,0.4908473933312012,0.07072415340494909
3,217,0.1486791894592431,0.13328884574010888,0.04103308845976137,0.12341210381538861,0.4800501211168447,0.07353665140865341
3,218,0.15262083534469092,0.13282091001692162,0.03867666906313309,0.12059936023615406,0.4835059356720181,0.07177628966708226
3,219,0.14957721809756738,0.135837616251697,0.03892742078992862,0.1428147325707471,0.46353604603258075,0.06930696625747923
3,220,0.15445955389230337,0.11695648781291831,0.03888378107663701,0.1180353710124725,0.5089458902754633,0.06271891593020558
3,221,0.14798015907615836,0.11755101931729614,0.04270047858712716,0.11564417035453767,0.508136270656522,0.06798790200835875
3,222,0.14977626426115634,0.12815163673185487,0.0363918267552169,0.11912959617272767,0.4995784190571707,0.06697225702187351
3,223,0.14671466704141248,0.12378380921840935,0.04341231198986504,0.1374604135739255,0.4846367967435426,0.0639920014328451
3,224,0.14677021475231472,0.12832661038269055,0.04083053189902717,0.12886620961534587,0.4740078944003821,0.08119853895023962
3,225,0.14416444281008317,0.13412379930940457,0.03817314083802082,0.1273329265011031,0.48705380506203183,0.06915188547935652
3,226,0.14017371979827917,0.12148558355664724,0.042948228394971616,0.125295948839954,0.5054744219758972,0.06462209743425076
3,227,0.13981169888193576,0.11411446267993318,0.04040746011750836,0.1356460066515644,0.5086887123489402,0.06133165932011811
3,228,0.1325182684542397,0.12537946754586995,0.04435397810844192,0.13474271391868528,0.4989734376299701,0.06403213434279303
3,229,0.14883028442235008,0.1329341662987557,0.047015348990608226,0.12650015089084055,0.4685707632265344,0.07614928617091098
3,230,0.12959442626482884,0.12030978597968496,0.04168841982292251,0.13832053248367562,0.5082996723933886,0.06178716305549953
3,231,0.1459520230430897,0.13735307175376632,0.04245883149671659,0.14162419220848482,0.4624508650907444,0.07016101640719809
3,232,0.149587640257375,0.13192768437937877,0.03809003554507478,0.13119493576039198,0.4809025907087415,0.068297113349038
3,233,0.15291354879953298,0.12606264425676014,0.036004695313448284,0.11615111571031021,0.5006695576402345,0.0681984382797139
3,234,0.14531667605610396,0.14171122108003756,0.039535235897706224,0.13700068420004533,0.4642404718449821,0.07219571092112483
3,235,0.15876769011967845,0.12040735653165457,0.03873092473473018,0.1188541150796007,0.48857519758355417,0.07466471595078199
3,236,0.13216564732837063,0.13608865045825175,0.041711801389072614,0.12746428603595295,0.4885781111645373,0.07399150362381468
3,237,0.15965183678119685,0.1416403594526866,0.039909997855599996,0.12394947213102192,0.4589994702293185,0.07584886355017617
3,238,0.1402807229962403,0.11682902182804278,0.03724792550237585,0.12829307814103058,0.5049517815433655,0.07239746998894489
3,239,0.14711080133453575,0.11839029498318929,0.03845173280865253,0.1320054768690022,0.49885191124307765,0.06518978276154265
3,240,0.1547660544313475,0.12039045903413664,0.04312387162517567,0.12079829443952905,0.4843650134382005,0.07655630703161076
3,241,0.15726917941312638,0.12949861440271762,0.043471677231549974,0.11954776771907967,0.4791791694029267,0.07103359183059975
3,242,0.15298723352912894,0.12096234103464792,0.04464174172144131,0.13016130303601162,0.47947008774451505,0.07177729293425521
3,243,0.14025295074243171,0.12888610297837452,0.042057105436677185,0.138623823780341,0.4803843970021403,0.06979562006003526
3,244,0.15852729918453307,0.14354525785837635,0.04171948576578688,0.13187622818627967,0.44762506520254697,0.07670666380247702
3,245,0.1601799833457121,0.13081159966987638,0.04201270699359666,0.11897080262332622,0.4805793116010982,0.06744559576639042
3,246,0.13892061271614295,0.12168964939401429,0.03983636544080494,0.12142519063757583,0.5152376171776457,0.06289056463381629
3,247,0.1471268985533581,0.1317713875581774,0.04126047767428197,0.13370309144007075,0.46798092463871566,0.07815722013539614
3,248,0.14931039266838622,0.12062621947888598,0.03807805668459723,0.11929429681828378,0.5014022946248213,0.07128873972502546
3,249,0.14798033743795289,0.13738942821394315,0.039441015896023245,0.12542909853141013,0.4703513546062691,0.07940876531440152
3,250,0.14414122291208553,0.13566225355530986,0.03497880877918189,0.12652287597962505,0.4849112627930734,0.07378357598072421
3,251,0.13389505600750878,0.13270991455614517,0.03498807178372982,0.12685239470895945,0.4985318252146566,0.07302273772900021
3,252,0.14503155298484222,0.13231212463415046,0.042105183629187304,0.12026432140943412,0.48825675396233476,0.07203006338005111
3,253,0.1497566945100092,0.135137198911964,0.045852701204275,0.13720421695490734,0.4649593256738613,0.06708986274498319
3,254,0.141526814635424,0.13083700031137066,0.041021464561757405,0.12684342055664707,0.49371606983857386,0.06605523009622694
3,255,0.15380291154260564,0.13294763049505434,0.042805789062592275,0.12680115471045775,0.4691181645770749,0.0745243496122151
3,256,0.15024062824703313,0.14031759892471393,0.0372070431857895,0.13912661471196827,0.462042978996182,0.07106513593431323
3,257,0.15789298735102303,0.13431294783933387,0.0419224845994225,0.13230334195030113,0.46725083130365536,0.06631740695626416
3,258,0.14100660911184232,0.1393974597928985,0.04272120343224389,0.11893213029760731,0.48396661035675087,0.07397598700865718
3,259,0.14840378637678323,0.132021281006344,0.039432249196232234,0.13784948956844256,0.4681818055920045,0.07411138826019349
3,260,0.15468924581593116,0.1376051320653045,0.03974054123194418,0.1243749441569412,0.47095564663042133,0.0726344900994577
3,261,0.14720020928528443,0.1240717299807853,0.045600830934252455,0.1424498971275371,0.4665016881379499,0.07417564453419076
3,262,0.14031342503803343,0.1311519838957079,0.04004403708036247,0.12874411235426425,0.4888134894257699,0.0709329522058621
3,263,0.14667104728479527,0.1328923389289061,0.04282468397818398,0.14262309294658854,0.46458846209998766,0.07040037476153849
3,264,0.13957977298219582,0.12483216892843849,0.04463534100216948,0.12866996613131512,0.4891756112009796,0.07310713975490155
3,265,0.1498090934198376,0.117343800283541,0.04258102949445899,0.11858579018327553,0.5008490702897638,0.07083121632912313
3,266,0.13545748545043393,0.1368084154760306,0.04095042009548823,0.11691370102608359,0.5049055205717816,0.06496445738018218
3,267,0.14588846394138466,0.11182704341349799,0.039643484512253635,0.13115509739161196,0.502438590722971,0.06904732001828087
3,268,0.1482680758608784,0.12336804620452634,0.03865657223834755,0.12359546777166036,0.4955443399984194,0.07056749792616791
3,269,0.14364132254295364,0.13704082209517462,0.03852906374258579,0.11892351807350122,0.49088530591475743,0.07097996763102739
3,270,0.1350093278221652,0.12326474606811133,0.04283445515243066,0.13044776659282192,0.5012806075790264,0.06716309678544453
3,271,0.13139615049488623,0.13926137675043057,0.03736840000445428,0.13816357142481808,0.48675411965160004,0.06705638167381076
3,272,0.14006539036061574,0.12992912836204498,0.04153019152988319,0.1293399757921473,0.4934568096684924,0.06567850428681646
3,273,0.13726989156938868,0.13067321562288373,0.03877347753255753,0.1307563347213646,0.49512053214339835,0.06740654841040719
3,274,0.1527298935107948,0.11427284400257309,0.034822165554811144,0.13019979854842675,0.49946422786697253,0.06851107051642175
3,275,0.1384748627719146,0.144190145300666,0.03869557060162486,0.14504741938012702,0.46544098092802927,0.06815102101763817
3,276,0.1479405770013577,0.12707305911479275,0.03927159607666699,0.12203458547518628,0.4970459438407915,0.0666342384912048
3,277,0.14033077733930743,0.11840068301407088,0.0423987251427872,0.13259204563668797,0.498732406653061,0.06754536221408544
3,278,0.1426857998147475,0.118729742038946,0.035990436830681156,0.12184873091335753,0.5136699750285495,0.06707531537371834
3,279,0.14144881122942093,0.1255680392876123,0.03534787944019218,0.12651764602373286,0.4991971424975664,0.07192048152147537
3,280,0.1528550573914871,0.13660146597633088,0.03999976471887629,0.12102791076154487,0.488486755567581,0.061029045584179896
3,281,0.15600418289442797,0.14115598516939956,0.03746933120126742,0.12199407230215419,0.4762889228768515,0.0670875055558994
3,282,0.13854148062097024,0.11816784546814423,0.03990561613818339,0.12277873310240807,0.5158093300720542,0.06479699459823995
3,283,0.14458532667730734,0.1270513426147113,0.03789122333903238,0.11942036281406967,0.49916191789636877,0.07188982665851064
3,284,0.15070640616948006,0.1322899787404399,0.03589653886851078,0.1391819835384934,0.4769743375119126,0.06495075517116314
3,285,0.14621157838364252,0.12618778393810973,0.0430687252061913,0.12757067504386396,0.4854873439964784,0.07147389343171409
3,286,0.14214926492150623,0.13590727787405735,0.039485712956341255,0.11464730454909124,0.5028005516320463,0.0650098880669576
3,287,0.13916033819512547,0.13513167249094324,0.0401135819496625,0.14471409945535613,0.46700727678720066,0.07387303112171202
3,288,0.14687927753674415,0.13035087635710976,0.038087948222837474,0.11642992597454488,0.5020244825347958,0.06622748937396784
3,289,0.15449661134753837,0.13596171960004377,0.04295361714577305,0.134435849719383,0.45806980407620057,0.07408239811106117
3,290,0.15962848258944387,0.1263752178604733,0.04202846057738774,0.12576408157246113,0.47181736072242486,0.07438639667780907
3,291,0.1414454615282422,0.12405686430333088,0.041105710224185646,0.13484620152963037,0.4807175728459858,0.07782818956862513
3,292,0.15087370710028364,0.12669485814173043,0.03714292516332669,0.11647568096283208,0.4974365633482891,0.07137626528353802
3,293,0.15217502940366487,0.14171025811045407,0.03991292344973413,0.13930421804629115,0.4593714064402816,0.0675261645495741
3,294,0.14025542705371455,0.11679975662620808,0.03578801603595086,0.12046845513722639,0.5150484258469032,0.07163991929999686
3,295,0.15101040130024565,0.12533538490794435,0.03797185515514197,0.12726305322762918,0.48166383312414646,0.07675547228489238
3,296,0.14294420172581424,0.140823869448614,0.038687039255599874,0.1314430198756767,0.4713222820873881,0.07477958760690706
3,297,0.14419836342612524,0.12992478633196317,0.03687069653537425,0.1255998228270037,0.4988628943450796,0.06454343653445405
3,298,0.13805536051943185,0.1380248983110112,0.03604747450742167,0.1349425737548257,0.47868895910179177,0.07424073380551785
3,299,0.14608690215349207,0.13532219805353068,0.04096635429709543,0.12046527002726161,0.4860965690922359,0.07106270637638439
3,300,0.14094709081913004,0.13271474943967573,0.04374013882949272,0.12735041097718014,0.48675232185496925,0.06849528807955207
3,301,0.13736359157366237,0.1300279289664395,0.038356713881303885,0.12336465746206943,0.4962431545229495,0.0746439535935753
3,302,0.14105516736220194,0.13222017679806927,0.03806338727001469,0.13631368692208026,0.47632003888151847,0.07602754276611547
3,303,0.1418550463459441,0.14566628553188007,0.03771258663578518,0.1405162045014613,0.4573941493223574,0.07685572766257198
3,304,0.1616838954544992,0.12342712097158608,0.04371686612482377,0.14195040705525175,0.4623397565898841,0.0668819538039551
3,305,0.1544915282802157,0.13219022858936472,0.040343742044155605,0.13002738929476626,0.46751661003670053,0.07543050175479712
3,306,0.15724180694723036,0.14278489861085902,0.03813520137170673,0.1337548685606912,0.45617190504059774,0.071911319468915
3,307,0.1540815844882935,0.12995350253373877,0.04052605338558617,0.13359560437576432,0.4637013282689187,0.0781419269476986
3,308,0.14426667638361682,0.1379739252239918,0.03922470538994852,0.12458952956441632,0.4784306150765713,0.07551454836145526
3,309,0.15345058955188734,0.13586904484004156,0.04341046313651658,0.12428693823760521,0.4728473357368815,0.07013562849706777
3,310,0.1572691210183866,0.12930556100604393,0.04445496981842866,0.12442450302097391,0.4725879709918727,0.07195787414429422
3,311,0.14727422010219565,0.12985344901082654,0.03620547894395279,0.11836477106404192,0.4981231600914421,0.07017892078754091
3,312,0.13793433381081505,0.1252924425663392,0.04301319851758261,0.1244803755846736,0.5050185800613691,0.06426106945922047
3,313,0.13232876325158494,0.1232565270264348,0.03687362693736433,0.11948406066125722,0.516299841329606,0.07175718079375273
3,314,0.1580143486939773,0.1390441973299907,0.04321274461213203,0.12584874592986858,0.46481451293596526,0.06906545049806613
3,315,0.13587561741372256,0.12255393374453602,0.042163090225113255,0.133491298358996,0.4980841941699322,0.06783186608769992
3,316,0.16293397905195933,0.12423367279898517,0.039948313314393455,0.14064724903463083,0.4643149232507039,0.06792186254932733
3,317,0.15147645684203645,0.1179913818359172,0.03683005606214485,0.12297353264512767,0.5000466429643784,0.07068192965039537
3,318,0.155610915221883,0.1197849451353885,0.042023937449367645,0.1328230373399109,0.4756238125163767,0.0741333523370733
3,319,0.14897003527100994,0.12820532639470986,0.0362157918570961,0.1271837956675554,0.48380318371957926,0.07562186709004955
3,320,0.14832233853127402,0.1358845906500992,0.03766913074840657,0.11253271993659998,0.4980763325104356,0.06751488762318464
3,321,0.14504559505282907,0.1303326807733444,0.04373999535885106,0.13347408736911662,0.4774709739222665,0.06993666752359232
3,322,0.13627703898724625,0.1252836705995955,0.038738908406794344,0.13700768193087912,0.500102776867332,0.06258992320815285
3,323,0.16083801495484915,0.1367136905172893,0.0446040332877199,0.13699152888698032,0.4439732817928314,0.07687945056032994
3,324,0.14141920206679925,0.12257311963931092,0.042793905401790754,0.12106295570148688,0.5058964458087195,0.06625437138189272
3,325,0.1513957265542561,0.12496362644024105,0.04242565627418784,0.1366972112167366,0.46540950418028576,0.0791082753342926
3,326,0.14973290642191253,0.13527033245019557,0.03991586400618558,0.13513569983705498,0.4718679760848028,0.0680772211998484
3,327,0.16227988976542684,0.12792948635380041,0.04353891571071727,0.12891374884292703,0.460164366952401,0.07717359237472747
3,328,0.142022500669255,0.12876947060538058,0.04053870128670758,0.11970473229647678,0.4961776879808436,0.07278690716133647
3,329,0.15459905276249022,0.14038566293373644,0.03723066528503131,0.12970424851411644,0.4747029631205575,0.06337740738406818
3,330,0.16302404943353918,0.12590969684306869,0.037435025134153484,0.1459526440785748,0.4516904134357837,0.07598817107488015
3,331,0.138695789567592,0.12524046397941754,0.04212296759675483,0.12539340718056005,0.49470226563655484,0.07384510603912074
3,332,0.133029659217701,0.12142071183238434,0.040586137490048746,0.13742398027904296,0.4948882054579513,0.07265130572287162
3,333,0.16043363409483843,0.13133792123967528,0.03864074465582695,0.128039892367959,0.46960346271098996,0.0719443449307103
3,334,0.1339746833133362,0.13888036682826754,0.03688461858785741,0.12012366254026911,0.49660983617781473,0.07352683255245505
3,335,0.14212001468625127,0.13408692589324234,0.037594955126838185,0.13821771300777747,0.4790503142448874,0.06893007704100339
3,336,0.13030052221090882,0.13389209242420322,0.038126068455849434,0.13404482356673383,0.49323154780906087,0.07040494553324375
3,337,0.12710721196840816,0.12989536947434482,0.03672507423124442,0.12754196143866628,0.5088326638642049,0.06989771902313156
3,338,0.138203913628204,0.12290349902780716,0.042709381611396834,0.12685214902148884,0.5025517040662397,0.0667793526448634
3,339,0.1463411285167465,0.11570021909056674,0.042743564548810946,0.11542303524954851,0.5159820039083078,0.06381004868601944
3,340,0.1424511568030649,0.11837020622164997,0.039260774240938434,0.13006587095002217,0.5040887465889013,0.06576324519542312
3,341,0.1491342985216477,0.12506082960253975,0.03793159825572409,0.13287017056088568,0.4914713592199831,0.06353174383921967
3,342,0.15004223498727848,0.13646121669641265,0.04314625384978422,0.13036578140767752,0.4741748855767177,0.06580962748212944
3,343,0.14800276874538956,0.12525943135920317,0.036899030947277325,0.12479348756981559,0.4996638065720715,0.06538147480624282
3,344,0.1383559411599668,0.14008906150739253,0.039089462077441406,0.12394353262593223,0.4817633819925651,0.07675862063670197
3,345,0.15660427364464358,0.14281353529505686,0.04188647530851494,0.13873327207740802,0.45043056336999715,0.06953188030437939
3,346,0.15325417828984939,0.12763517249022793,0.03608020079881147,0.11638488372409356,0.5038854536668681,0.06276011103014947
3,347,0.14471483037795652,0.1272173826438878,0.03844429890041885,0.12827977814416938,0.4804282216851315,0.08091548824843597
3,348,0.15279570944881946,0.12799444836783216,0.04098941568459312,0.1321585052450354,0.47413962044860053,0.07192230080511927
3,349,0.15551362516785483,0.1470101307416019,0.044658640977375104,0.1336336231254061,0.45250037486244604,0.06668360512531597
3,350,0.14110706704384268,0.12751418063118522,0.03704324070429263,0.13283651682234326,0.4915828752973911,0.06991611950094506
3,351,0.15077015376351624,0.14149707952218576,0.043171003602598006,0.13552622332341696,0.45820878304879803,0.070826756739485
3,352,0.13941091156164614,0.11976963401708496,0.04011271614286274,0.12068911051087292,0.5022558423940391,0.07776178537349412
3,353,0.1467367479646299,0.13827456970706553,0.03861908490545235,0.1183332854199441,0.4851390644075624,0.07289724759534567
3,354,0.1434137696127035,0.12801800566305258,0.043278089302727876,0.12608486059369886,0.4831557838190285,0.07604949100878866
3,355,0.1499921622867776,0.1434636940397136,0.03868121250086093,0.13847747626785684,0.45472990395622404,0.074655550948567
3,356,0.1477865683727334,0.1338247992473808,0.03970632588442553,0.1198552795296892,0.4880594267955222,0.07076760017024881
3,357,0.14532425431520554,0.12475741047548547,0.042934746414295975,0.1327569759332815,0.49042606226830077,0.06380055059343082
3,358,0.14719534046172858,0.1377279060605138,0.038489569416430315,0.1433848255056588,0.45693089766680767,0.07627146088886086
3,359,0.1441455807692195,0.1316017695448999,0.042333035227872524,0.12417706826622842,0.48098752965692393,0.07675501653485571
3,360,0.14879477358160326,0.141986284019149,0.03966974332468383,0.1274953608742837,0.47305509251628597,0.06899874568399421
3,361,0.14207338544602038,0.1431633473140525,0.039627962219362683,0.1300108416881755,0.46896473628911683,0.0761597270432721
3,362,0.14931256330853246,0.13644205548348068,0.04133738318181892,0.12146532991089344,0.4774628331866679,0.07397983492860662
3,363,0.1364558538261573,0.140247749917833,0.03888369743885347,0.14605323170941586,0.4642214486961525,0.07413801841158782
3,364,0.15748918208835638,0.13332085812524108,0.040289350547002195,0.12706579095928583,0.4770275098729129,0.06480730840720166
3,365,0.14548638339056832,0.1406180882284381,0.04704709462401069,0.12660009272549305,0.46922825678479757,0.07102008424669222
3,366,0.1475785484961427,0.13183050578503808,0.04017835795832434,0.12200301436435404,0.49271722189348605,0.06569235150265473
3,367,0.1410765417757953,0.11809720986395784,0.036403703571745875,0.12637276455318547,0.5145733103960433,0.0634764698392724
3,368,0.1457479659662168,0.11743006434426326,0.034926642382824266,0.13210713986885922,0.50291657421246,0.06687161322537634
3,369,0.13029563337336514,0.12523113299161467,0.039021652747316976,0.13792740375393853,0.5006737363364663,0.06685044079729836
3,370,0.14819532919870457,0.1438795873581754,0.04072068716711961,0.13118200690423165,0.4669994700667623,0.0690229193050065
3,371,0.14553878665161912,0.12396694192436769,0.04439091753467911,0.1334742223268946,0.47550433149150795,0.07712480007093152
3,372,0.14650495224711102,0.13002290693197532,0.03985705643194431,0.12082353227269407,0.4949553477058908,0.06783620441038458
3,373,0.1446037068096864,0.14021216565045186,0.041918533464651644,0.13490999819212585,0.47054419953070287,0.06781139635238134
3,374,0.15267119042325414,0.14185674146004115,0.038035878247781804,0.131427857468759,0.46655581555821357,0.06945251684195036
3,375,0.1420720273511017,0.14151882691037762,0.04486868246425186,0.12471496908429786,0.47784050663705185,0.06898498755291906
3,376,0.13344363008890012,0.12244120333151816,0.042880961110911955,0.12029817418286264,0.50534096869398,0.07559506259182708
3,377,0.14885075055956118,0.12516815291103975,0.0447942865397786,0.13169760150985693,0.47321439602690774,0.07627481245285579
3,378,0.15477820461645708,0.1215302469415443,0.040884464586646546,0.14101708764637125,0.4690094245972971,0.07278057161168373
3,379,0.14812089605038392,0.1221264422097127,0.04162141926990525,0.12888553747060638,0.49010712018700825,0.06913858481238352
3,380,0.15465034841704017,0.13292227978306553,0.04126493499908119,0.12851937001586008,0.4814024802295393,0.061240586555413604
3,381,0.14194742944651606,0.13275081957287083,0.042454120989461025,0.135757909961525,0.47553091278713705,0.07155880724249004
3,382,0.1536401775047113,0.14096844762691238,0.043459786546636764,0.14311503312340507,0.4518585407422461,0.06695801445608844
3,383,0.1437073066966598,0.12274059818399857,0.04270540193250365,0.1226476335661389,0.49170012354217907,0.07649893607851994
3,384,0.14892426205225043,0.12519372528599038,0.04323811682109452,0.14509578606664342,0.46665343140516446,0.0708946783688568
3,385,0.15465912347293645,0.14023567002698867,0.03882466165851857,0.13963009968890738,0.453236763092273,0.07341368206037595
3,386,0.14728827570218334,0.13373496373000376,0.041613116314006604,0.13950889847138043,0.463635656021662,0.07421908976076377
3,387,0.1394505188815001,0.1354152069716935,0.04164646091001501,0.1467486163476295,0.46934797488246194,0.06739122200669995
3,388,0.15033487249805028,0.12412523049228126,0.03560734994280734,0.1286276512773777,0.49105964605540425,0.07024524973407922
3,389,0.14862806622913965,0.1199845625917239,0.04312101872968488,0.12028515387144698,0.4912860847351373,0.07669511384286734
3,390,0.1571807482106006,0.13898155667634707,0.04408922929010089,0.1360938675195517,0.452024306851705,0.07163029145169475
3,391,0.13843326941527767,0.12790190797469725,0.0420278942043024,0.13596722081557153,0.48419039589811436,0.07147931169203689
3,392,0.15486814946503674,0.13466984269050442,0.04572993538225232,0.12952344979383373,0.46783208975670315,0.06737653291166969
3,393,0.133556100657077,0.12063564834040715,0.044940814706132697,0.1294971345473358,0.5065786131755003,0.06479168857354696
3,394,0.1579437748179096,0.12383273131150714,0.03789249477077071,0.13635733846733375,0.4722680357850153,0.0717056248474635
3,395,0.14819564665433743,0.11795143181615186,0.03687924136834651,0.1250597385728503,0.49864786011208656,0.07326608147622728
3,396,0.13415774578311143,0.11403369855850237,0.036151705937155935,0.13545322640631036,0.5155465185977799,0.06465710471713997
3,397,0.15797014415129781,0.14601250574249797,0.044728336817048936,0.13611258716166247,0.44917193889239726,0.06600448723509558
3,398,0.13707742199678383,0.12897217862772556,0.0404766658135455,0.12809289123599163,0.4941186183919671,0.07126222393398639
3,399,0.13583257450515532,0.1375506712583512,0.03748862828949276,0.14616735093551675,0.4682237525661847,0.07473702244529924
3,400,0.1461304115589005,0.130100832142277,0.03707077732092968,0.1292242844861906,0.4847681176710562,0.07270557682064596
3,401,0.1424142556611009,0.1393678786673291,0.039485018897443026,0.14662265374630393,0.4621698679752434,0.06994032505257967
3,402,0.15298707616836904,0.12213324786686099,0.04097707197845397,0.11813040226487972,0.5036289126344135,0.062143289087022734
3,403,0.14083274331408052,0.13428224341969391,0.03948951223883305,0.12197723076795647,0.4983157756560442,0.06510249460339192
3,404,0.13532727949672876,0.12586882291655258,0.03551771392098792,0.13512040486783183,0.5033156796649143,0.06485009913298467
3,405,0.15401853677813357,0.13427165873473765,0.04416195723164979,0.14363972701668082,0.4594623745239711,0.06444574571482703
3,406,0.15223924426624458,0.1163032827564034,0.039150122792778054,0.12349473095407931,0.5058932156510985,0.06291940357939618
3,407,0.13758663961870568,0.12358456838320495,0.03712268337223338,0.13767122647766358,0.5007089355841663,0.06332594656402608
3,408,0.1425208216886148,0.12701051893312212,0.038750803427187286,0.13674337673525616,0.48075445042313025,0.07422002879268941
3,409,0.13502399527811884,0.13120877660797522,0.03615130795917491,0.12154830477327844,0.507215192607009,0.06885242277444369
3,410,0.14541470379688423,0.13457385242949124,0.03943947671107594,0.12400071065336712,0.49238224350462034,0.06418901290456121
3,411,0.14569877584696764,0.12244412416491782,0.04053730953044154,0.1299911611225368,0.5006926857863011,0.06063594354883513
3,412,0.15738081154199524,0.1286398180667261,0.042430573606578606,0.12524399640280393,0.47850967560943775,0.06779512477245841
3,413,0.14581687543164162,0.12227801794910002,0.040150919258805186,0.13016633634860378,0.4972511205298721,0.06433673048197738
3,414,0.14103459725236284,0.12749259723705153,0.04181112155693792,0.11934324990331041,0.4969920782806519,0.07332635576968545
3,415,0.14697131439062458,0.12319068727295295,0.04032657412856775,0.12275298435930211,0.4981395574407131,0.06861888240783955
3,416,0.15094609417446944,0.11134495911787785,0.03639559135586784,0.13146705983062362,0.500672046818962,0.06917424870219921
3,417,0.15022507661606277,0.12475397497915507,0.038301358607976205,0.13567993367158074,0.4800659344581247,0.07097372166710052
3,418,0.13835998446552233,0.1291395845806302,0.039155681048719235,0.13238309759124103,0.4871092516053491,0.07385240070853802
3,419,0.12825641972504342,0.11469387416232253,0.042228376911833475,0.1280272471465056,0.5168694864049335,0.06992459564936142
3,420,0.16340638159438833,0.13323817690554157,0.04182297057945046,0.13047512557683905,0.4591328586108017,0.07192448673297891
3,421,0.14913771847683585,0.11695838360115551,0.038522123452542384,0.11994422462632394,0.5102563696089936,0.0651811802341487
3,422,0.16367362457054685,0.13511395000595822,0.04528058677207665,0.13354870819993714,0.4508509930335769,0.07153213741790419
3,423,0.15314424200915297,0.12650884089230488,0.04388332431678249,0.13459428584339397,0.46371666686941215,0.07815264006895357
3,424,0.159385842700926,0.1395902205466181,0.043106829300397186,0.12536331008048793,0.4609777782043863,0.07157601916718445
3,425,0.1474701353373139,0.12180501192107385,0.04073689218385393,0.13608833567053014,0.4783521905052993,0.0755474343819289
3,426,0.1404119558209107,0.14126090087030402,0.03856706284420853,0.11991475187628671,0.48375508939563494,0.07609023919265509
3,427,0.1613991441378016,0.14092870608734057,0.04388233651394882,0.12363616385364967,0.46150142979352543,0.06865221961373391
3,428,0.14772599357150126,0.11807177985007833,0.03970943246547813,0.12864074758535599,0.49343279436229937,0.07241925216528695
3,429,0.14352768881021147,0.12978077754899392,0.03824548291332405,0.12659600559272677,0.49026990729586195,0.07158013783888179
3,430,0.14874007736944034,0.12547612840282849,0.04157124715216867,0.11996197988801781,0.4975173501778306,0.06673321700971405
3,431,0.14282950270323108,0.1306170655175745,0.03954703760202415,0.13814198638986944,0.47773326022008444,0.07113114756721634
3,432,0.14262387103489935,0.12979530439145068,0.044506525490657395,0.1367208011592918,0.4738361543948433,0.07251734352885744
3,433,0.14657033772815142,0.13317199663680102,0.03772983348737295,0.12946517379965766,0.4884169054333832,0.06464575291463387
3,434,0.1377454838209042,0.14898499718556543,0.03880605379928258,0.13604016643785066,0.4700257784955619,0.06839752026083522
3,435,0.15356578851381003,0.12863172562464384,0.03767637259533836,0.13055637037385665,0.47915728736926716,0.07041245552308403
3,436,0.1583159075536326,0.12519955916947081,0.040363236071443646,0.13446424666691992,0.47613022666162647,0.06552682387690653
3,437,0.13868818769624966,0.13226483364396727,0.04064224115663889,0.12189569869795544,0.49211906274238215,0.07438997606280653
3,438,0.15116916533554678,0.11988744907243921,0.039537856235323604,0.12739276852186257,0.49134514897359516,0.07066761186123265
3,439,0.1426861446104024,0.14527311595105852,0.04392440985153187,0.12260012008145368,0.46846902038696947,0.07704718911858403
3,440,0.16215848797260873,0.13259634078885948,0.03867579146439931,0.1371000969541129,0.45907841804286303,0.07039086477715656
3,441,0.14467497675854465,0.12751597656790475,0.04410291253266253,0.11917063411918563,0.5010820968832751,0.06345340313842734
3,442,0.12934687301816603,0.12904933305066896,0.04084675497321635,0.12611361497738807,0.5051611140199245,0.0694823099606361
3,443,0.14249542784197683,0.12904987481435579,0.03936828349472404,0.12422011685650733,0.4996214945787423,0.06524480241369376
3,444,0.14570082419838068,0.11885650562725997,0.03895412441385754,0.12866748821277155,0.49701605063301574,0.07080500691471443
3,445,0.15007428973660733,0.1307450069088636,0.043654662175727006,0.14804959280297922,0.4542359230830243,0.07324052529279858
3,446,0.15091442131637453,0.12318041233000539,0.039070946235065976,0.11436309574559181,0.5008404827479128,0.07163064162504955
3,447,0.14226554126631813,0.135478771911447,0.04110351178987259,0.1316466264923824,0.47858630825216,0.07091924028781996
3,448,0.1417310525797235,0.12234709744897981,0.042784249327986364,0.11667049718613814,0.510676181611148,0.06579092184602428
3,449,0.1531274049658683,0.12359080740333804,0.037251792004755736,0.14314484410700823,0.4775137337598334,0.06537141775919628
3,450,0.14510078295585968,0.13037918053162,0.04618123798408163,0.14934042464542716,0.4600836939332147,0.06891467994979682
3,451,0.12908045015015432,0.13107218375090074,0.042989310899517706,0.1369494625088655,0.4858015598724782,0.07410703281808351
3,452,0.15872826762405215,0.13757183307621296,0.037712905588796336,0.1252210904995674,0.4779951048947654,0.06277079831660583
3,453,0.1512483867291459,0.12945632022508613,0.03791330515331594,0.13843745166032204,0.4713827934153813,0.07156174281674862
3,454,0.1531248230942406,0.13827361791858925,0.04083478131613116,0.12576786852182423,0.47687826980203063,0.06512063934718422
3,455,0.14956568141410537,0.14519625933414534,0.0381144869319749,0.1442141195327357,0.45166207473839365,0.07124737804864509
3,456,0.1657776924281761,0.14091096299736963,0.04310661439270767,0.12472949870776603,0.4587774496111674,0.06669778186281318
3,457,0.15575555068044922,0.12301679152208554,0.0378571748048034,0.11895181777952708,0.5023799412686599,0.06203872394447488
3,458,0.14455750951705815,0.1275215686458598,0.0431522144705876,0.1368588128024624,0.4788457065151311,0.06906418804890088
3,459,0.13418372618222735,0.13680394103200852,0.04150924486682004,0.12968137382529568,0.49419041979885375,0.06363129429479458
3,460,0.14842849047789186,0.13082497026183137,0.037158924036459956,0.12402744941391185,0.4854061218165562,0.07415404399334882
3,461,0.14278233396355577,0.13559426296560587,0.03960604169953364,0.1336307716975741,0.48043178150252996,0.06795480817120073
3,462,0.1334136143333251,0.13645425131327807,0.04236143489841779,0.13402884985887717,0.4800080696863563,0.07373377990974551
3,463,0.13599964898770037,0.11938514005088319,0.04220749125236926,0.13674745919003556,0.4983926254501337,0.06726763506887799
3,464,0.13392817959715564,0.12197436941726768,0.04291254540939544,0.12906905112247968,0.5021490572255821,0.06996679722811944
3,465,0.16268623621275874,0.12309965857405375,0.03980610843033613,0.13865004104862536,0.45875065165643064,0.07700730407779534
3,466,0.14560865933361056,0.12888371209423577,0.04629235379077522,0.1277111229983008,0.47363452374595083,0.0778696280371268
3,467,0.15105671898302866,0.12807604639073156,0.03883329228681672,0.1240225626570319,0.48161340652922857,0.07639797315316255
3,468,0.15209291515167916,0.1301063677644825,0.04184673202134265,0.12505564890448856,0.48327861983585196,0.06761971632215516
3,469,0.15653694828929116,0.12372927318139758,0.04450795684941336,0.12965596084520015,0.46630243337854127,0.07926742745615654
3,470,0.158749061902404,0.14108741106376368,0.038753981704575176,0.128466606275961,0.4586200910473337,0.07432284800596237
3,471,0.146756386131423,0.13259469600870347,0.03804117369021548,0.12529017812798263,0.4899319969475017,0.0673855690941737
3,472,0.1534434396072407,0.12722941300847185,0.03838068368369635,0.12453420565262655,0.4870367662597017,0.06937549178826292
3,473,0.13677187617946399,0.12067564617964623,0.03968300097036745,0.1366927796933878,0.4985258043845544,0.06765089259258006
3,474,0.14553462961098262,0.11357318517179085,0.03676744501847123,0.12638218822671532,0.5073588480311807,0.07038370394085926
3,475,0.13121668195575145,0.12298942517665844,0.043744339738696104,0.12970422474511467,0.4977858674953629,0.07455946088841649
3,476,0.14743991058075648,0.137577909503049,0.044967220181919294,0.14519242779394953,0.4601252823174642,0.06469724962286157
3,477,0.1354319539204708,0.12079586525236662,0.03937573574670518,0.12123256668538417,0.5051467652586664,0.07801711313640682
3,478,0.13727601791006994,0.13904788745962113,0.04263868896439949,0.12398752756206402,0.4821188727782799,0.0749310053255655
3,479,0.16068853708795386,0.1408474702999157,0.03820270722940313,0.1341492781760185,0.46000200383122114,0.06611000337548772
3,480,0.12873400342946087,0.13539000170130666,0.042026183166733594,0.13828283971347083,0.49297529146500174,0.06259168052402622
3,481,0.15021473783083686,0.12856480245942822,0.04323337930226086,0.12162224983875536,0.48694370680313587,0.06942112376558285
3,482,0.13664933999947618,0.12974684474133882,0.03953935630813654,0.13732216804259628,0.4950497321289316,0.06169255877952065
3,483,0.15654157206500105,0.1284527298877575,0.04674379466377167,0.13352958453884353,0.46337163536709913,0.07136068347752711
3,484,0.14433470945225718,0.12629734399324577,0.043270209543301484,0.11927336563175395,0.5005183502296578,0.0663060211497837
3,485,0.14686188852133267,0.13935175197360047,0.041698035096664525,0.1282839554293012,0.46959108898211466,0.0742132799969864
3,486,0.13541505083582359,0.12835077730799954,0.03678290807409055,0.1282842099026189,0.5065906716023191,0.06457638227714833
3,487,0.16501503739720616,0.13032530562876324,0.039982128816561296,0.1283631682502065,0.4685705981413235,0.06774376176593927
3,488,0.14152677864403154,0.12438586329016024,0.039582519965391194,0.12060327451720768,0.500538409123546,0.07336315445966343
3,489,0.14351111545747144,0.13829699261883352,0.037625313537694494,0.12251973698160047,0.48483063963211404,0.07321620177228612
3,490,0.13402932133475312,0.1300875532474692,0.037873426384798445,0.1219483375634358,0.5030307140230578,0.07303064744648566
3,491,0.15946723904873764,0.14302220520081105,0.0419746475797037,0.13811413127154518,0.4447625874617486,0.07265918943745381
3,492,0.15271801073820815,0.12001156979363654,0.042114302905603404,0.14562738241029,0.4731377971710974,0.06639093698116459
3,493,0.14421293002622823,0.13407623518852646,0.04469507986308022,0.1417108827878183,0.4649152601650169,0.07038961196932986
3,494,0.14492458980125789,0.11549221851013707,0.038254902291523285,0.13086634406470396,0.5082518638907,0.062210081441677716
3,495,0.14493423402244007,0.1369470165642782,0.04173064540265421,0.13605352570721294,0.463265262042888,0.07706931626052661
3,496,0.13427161380202765,0.132046213210678,0.03797602946073575,0.13755201016831378,0.49145837640639206,0.06669575695185274
3,497,0.13163607735234215,0.12832569003334726,0.040235333406058976,0.12590228812590643,0.5069705282457939,0.06693008283655132
3,498,0.14076540077251204,0.1294188625073626,0.037897962243189684,0.14458297405614037,0.4730535921282143,0.07428120829258099
3,499,0.143562208395709,0.13042599502402424,0.0380143672605463,0.11985514340725292,0.4919066381873308,0.07623564772513665
3,500,0.16097106371847641,0.13945949965637555,0.03902478920477852,0.13568705349705815,0.4575964101364895,0.06726118378682192
3,501,0.15162040896696052,0.13190093394315944,0.03934578817264697,0.12619648734082511,0.4777094860151257,0.07322689556128219
3,502,0.15305549168828023,0.1288368939219866,0.0437022010352512,0.13869126195049405,0.45892971004390776,0.07678444136008016
3,503,0.16272285784478357,0.12635849347186962,0.04080941506229491,0.12129643807211897,0.4788474830521465,0.06996531249678645
3,504,0.1524045873019234,0.1387223525175361,0.04401780219816434,0.1237474988873838,0.472349776155251,0.06875798293974132
3,505,0.14818391215031945,0.13511723155259991,0.037632075990337466,0.12318711156530758,0.4937611887715503,0.06211847996988535
3,506,0.14090531564189643,0.13246231945528378,0.04623702309747416,0.12896350885071042,0.47056806810112944,0.08086376485350577
3,507,0.13548244262173853,0.1348113477654904,0.03836244696343251,0.13968340114283562,0.4759611288104932,0.07569923269600971
3,508,0.14544307577360055,0.13124736253551872,0.03691819961730709,0.13561099676569946,0.48163210657664757,0.06914825873122668
3,509,0.1519445095708258,0.1227525785369942,0.04040176116687503,0.11653931070064699,0.5009114733850113,0.06745036663964674
3,510,0.14701643822870944,0.12627350013170405,0.04375411882107842,0.12073148243233195,0.48708202487427776,0.07514243551189842
3,511,0.14243286675802572,0.13440837887451493,0.04056032056986777,0.1401968946516534,0.47729950032283225,0.06510203882310589
3,512,0.14179484642541673,0.1250831326771992,0.038132083282999274,0.13355176460182658,0.49610618950330515,0.06533198350925297
3,513,0.149195952980117,0.13352885275570214,0.03744748570399163,0.125729857364714,0.4778248953403439,0.07627295585513133
3,514,0.13300223077215648,0.12289839081407815,0.040634513159947164,0.1294834843824419,0.5064346913785585,0.06754668949281793
3,515,0.14422644130310375,0.12994128210303407,0.04543003299487398,0.13119073512380294,0.4743258298721568,0.07488567860302846
3,516,0.15301942951765665,0.13335850147803222,0.03556000704233489,0.126115888965608,0.4802780795827306,0.07166809341363772
3,517,0.14244933821706815,0.131194297732565,0.03792715905498113,0.14151307277484182,0.4762186432474931,0.0706974889730508
3,518,0.14957463454881337,0.12681502638701558,0.03575582208426147,0.13792148428128476,0.48233456861931784,0.06759846407930702
3,519,0.13809296234190416,0.13501290095772508,0.04118039847926869,0.13436375355283656,0.48400106789943964,0.06734891676882598
3,520,0.13181605021681417,0.13701279446904224,0.04327785682791295,0.12274863040078841,0.49830520114378907,0.06683946694165314
3,521,0.15343482213794188,0.13932343684505236,0.04047222564025216,0.1355001285181297,0.45975085605877536,0.0715185307998486
3,522,0.15795462509157032,0.12852240370973939,0.0415570871076592,0.1446445110757821,0.45992027471332475,0.0674010983019242
3,523,0.14364721858503465,0.12663400633349184,0.03602073105520366,0.11950850949419052,0.5062557998975331,0.06793373463454618
3,524,0.15208554666949448,0.12876631122861892,0.040244215937728714,0.13371553535830144,0.4697508559237093,0.07543753488214723
3,525,0.15543237957101533,0.12657454747475172,0.038127691559457846,0.1329168231684864,0.46868767430978076,0.07826088391650791
3,526,0.1655527688985412,0.1269147046566561,0.03902205651001663,0.13322958481416744,0.46521726501431465,0.07006362010630406
3,527,0.13585977053845427,0.13824909905624277,0.04294763128243343,0.13761540709868297,0.4704093044060552,0.07491878761813132
3,528,0.15087511580030416,0.13495644182200411,0.04478836850644663,0.1383187010150308,0.4565503306400915,0.07451104221612276
3,529,0.13656681229979248,0.1290578706402605,0.03535321100511625,0.12689496678979048,0.5090536998033659,0.0630734394616743
3,530,0.13766795570883647,0.13886832254520645,0.0383919494137389,0.1326623839478492,0.48118796843886447,0.07122141994550445
3,531,0.1531628062629848,0.1272136779398185,0.04244211419066676,0.13014840743343684,0.47185791798494486,0.07517507618814827
3,532,0.14845468808107692,0.13874173351470814,0.041656361283132715,0.12165427046262091,0.4754918878685831,0.07400105878987834
3,533,0.1410558255701404,0.1368421511944919,0.03477605554102738,0.1236849981076488,0.4988896253956745,0.06475134419101707
3,534,0.1498586272344414,0.1380154259416501,0.03954252697878574,0.12196464981157024,0.48812776659614215,0.06249100343741029
3,535,0.1445724455286165,0.12866260337733892,0.03719607829746875,0.12629523083077526,0.4975079874694255,0.06576565449637514
3,536,0.1440548552472293,0.13415622127347027,0.04031647893908695,0.12711114896692874,0.48640607698966853,0.0679552185836162
3,537,0.13662530101295214,0.13421061762428868,0.03960588647697306,0.12357203536830147,0.5024552484865143,0.06353091103097024
3,538,0.14603461566222603,0.13551857930655922,0.03706008425177265,0.12187714292072171,0.48669346228114685,0.07281611557757349
3,539,0.1421394110884936,0.12474935828346644,0.042641700938730286,0.14136184457615303,0.4789946359256145,0.07011304918754215
3,540,0.14486692680310623,0.1391772799812759,0.03956671804535857,0.13360149413131184,0.4671135415796342,0.07567403945931318
3,541,0.1532769571781555,0.13874253384439242,0.04077484068288553,0.13517716373256125,0.4564216235457636,0.07560688101624165
3,542,0.1532187127881365,0.11824728729437206,0.03706789722649135,0.12284129419162469,0.49677602555833755,0.07184878294103782
3,543,0.15453135281389385,0.13816426060926795,0.03882894042107403,0.13837057025691582,0.4679548274668493,0.06215004843199898
3,544,0.14581753584165422,0.13572353044194801,0.04070238207363782,0.1355364846096693,0.4737621103200366,0.06845795671305399
3,545,0.15488128172294421,0.1204330046654616,0.04203675181253994,0.1261271524312002,0.49442225772644277,0.0620995516414112
3,546,0.14931243340853334,0.12812569866732076,0.04502186857474631,0.12548113444034484,0.47645650231829406,0.07560236259076074
3,547,0.13939077641334177,0.14308056293706473,0.04075056297728367,0.12695105223371903,0.4824919383936593,0.06733510704493159
3,548,0.12896665099013438,0.1363919837591213,0.038288387471485226,0.12999680604584662,0.4947371690317245,0.07161900270168786
3,549,0.13941488810159874,0.12660063753260076,0.04572909302639374,0.12246918286116516,0.49574757636458505,0.0700386221136565
3,550,0.13959458800608013,0.14492737641797773,0.043132537269446374,0.14278748551689371,0.46305208721096375,0.06650592557863826
3,551,0.150639567301132,0.1426352751166393,0.04204927318075393,0.12911609594936255,0.4664200736684004,0.0691397147837119
3,552,0.15546335330728986,0.13361149866220576,0.04330141007452677,0.1426077140558064,0.4531595699808043,0.07185645391936687
3,553,0.1484188824367035,0.12498439346808995,0.03829742303773288,0.1249157811403636,0.4924203323841957,0.07096318753291439
3,554,0.13284656632065964,0.1137693502411218,0.038549107277496115,0.13767554095139636,0.5068616863624258,0.0702977488469004
3,555,0.1390778367949398,0.12433606982812408,0.04197049575780758,0.12272450546964274,0.4951511907900456,0.07673990135944024
3,556,0.14711485905939614,0.12247186844635934,0.04399538830261671,0.12597652541141782,0.4818567154911395,0.0785846432890704
3,557,0.16140506762257617,0.13351401797449272,0.039481382286053995,0.12941782673408225,0.4608636632906458,0.07531804209214898
3,558,0.1594993169631831,0.12641254778216848,0.040232318309385465,0.14705740454275476,0.44908329187177676,0.07771512053073143
3,559,0.14563467275384362,0.1392848328455251,0.03993922157241222,0.12709036468533053,0.4834997057506075,0.06455120239228102
3,560,0.14697911493637145,0.13933564446723729,0.041059176989421055,0.1261188433480664,0.4826693221074208,0.06383789815148297
3,561,0.15376568562344808,0.14179610956026048,0.04212505577532825,0.12528273113826163,0.45982279331645204,0.07720762458624954
3,562,0.15654133903374495,0.12591326511724865,0.03889864566495197,0.12295705435283087,0.48885450534861696,0.06683519048260661
3,563,0.13890493307154797,0.13466538498008018,0.040787572963089255,0.1202940789953949,0.4943974244643487,0.07095060552553906
3,564,0.1328175421358513,0.13337360573433812,0.03779214620230578,0.13342695447429603,0.49855185572975386,0.06403789572345496
3,565,0.15333258535013652,0.12032649118516782,0.04289748705622534,0.13599272085699254,0.4790423644025465,0.06840835114893126
3,566,0.15749716500720948,0.1448871651875891,0.0419563299982678,0.12397201616682403,0.46227852829229976,0.06940879534780986
3,567,0.1572290212763326,0.12345846307527787,0.03614479390058607,0.1327768777226089,0.4870187599063707,0.06337208411882392
3,568,0.1539691237635111,0.13226706745341485,0.0434631751337609,0.13759765434909046,0.4683569193709135,0.0643460599293092
3,569,0.1304641718036247,0.13433122317046736,0.0360316964056145,0.13345082729564664,0.49639545337829843,0.06932662794634825
3,570,0.13083023873184904,0.13519263890302496,0.04280292948796431,0.11775224036304804,0.5057846448305939,0.06763730768351967
3,571,0.14961221013683,0.12477145531273452,0.042673467799581755,0.14291411407778226,0.4643354997279552,0.07569325294511631
3,572,0.15279202373003378,0.12060092281553997,0.040414875460132456,0.13414970296000214,0.48968502427259714,0.06235745076169445
3,573,0.15191050395437805,0.13494570067337933,0.044065004874476676,0.14234084526868396,0.45938658354932754,0.06735136167975439
3,574,0.1479277832523424,0.13224602196199686,0.040784772990775355,0.1403814570379018,0.46287832882798313,0.07578163592900045
3,575,0.15334826788959466,0.14354783298254836,0.043637724398778055,0.12287631408000635,0.4675519490937242,0.06903791155534841
3,576,0.14996517846031934,0.13126397459564235,0.044224758488462905,0.13071665622641,0.47488381986446865,0.0689456123646967
3,577,0.14476502798406382,0.130543893603264,0.03758330483227283,0.11882247310200672,0.4982385449465514,0.07004675553184124
3,578,0.13944005242196458,0.13568649091747173,0.03994760819512773,0.12305106068159313,0.4840228438612024,0.0778519439226404
3,579,0.15846809950705293,0.13595413576677037,0.041960291391493494,0.14096486123413174,0.446534343245729,0.07611826885482244
3,580,0.1505468230432462,0.1275573587867143,0.04147651643979471,0.12443713809245435,0.49203464452636175,0.06394751911142872
3,581,0.1300398941649175,0.1300126326266644,0.039511125438987604,0.1311891040805261,0.5018355657984442,0.06741167789046007
3,582,0.13007286649194755,0.12053670407757087,0.039126081558498935,0.12601877733707764,0.5113217693883193,0.0729238011465857
3,583,0.14062830719860073,0.1250464849353409,0.039082571747081844,0.13099046481045912,0.500083307477294,0.06416886383122328
3,584,0.14840819248087453,0.12238687536748909,0.03584949546941231,0.12326842286450067,0.5029146141215443,0.06717239969617916
3,585,0.14627116570107027,0.12311171579888171,0.039331009598087587,0.12978284200477336,0.4967051704217543,0.06479809647543273
3,586,0.1504294229549044,0.14375927860180707,0.03756173024749149,0.12236717781339466,0.4714220637238203,0.07446032665858203
3,587,0.15397987504343216,0.12002942388716133,0.042613417996677345,0.1409383158576036,0.47382362768681047,0.06861533952831511
3,588,0.15083855439411492,0.12332597718249809,0.04161082466751722,0.1332181137199805,0.4884548678463361,0.06255166218955323
3,589,0.1426917175422573,0.12519013191302966,0.043132561692025985,0.12281626820865016,0.4924136888811799,0.07375563176285693
3,590,0.1462924714049427,0.12598749252600505,0.04516253767086189,0.1385636740406194,0.46476454462264266,0.07922927973492837
3,591,0.14206462994552546,0.12606568978553062,0.04203041577467039,0.12787432862071899,0.4885250977668484,0.0734398381067062
3,592,0.1467511899923044,0.1429186810532805,0.036882055991429734,0.1251556615794745,0.4734715635637069,0.07482084781980394
3,593,0.14715649642236397,0.12113329623746527,0.039932955486026496,0.13729565863860144,0.4864709890734356,0.06801060414210729
3,594,0.14603003435529027,0.13282023424541356,0.04019792046906132,0.13916958019185183,0.4687846387447295,0.07299759199365347
3,595,0.13430222215031135,0.13048802112743288,0.03971546742105536,0.12546486928377387,0.5025062839361786,0.06752313608124806
3,596,0.15987151794068105,0.1416717720324997,0.04388876951627828,0.1280988036502894,0.4550017415563183,0.0714673953039332
3,597,0.15638084935073443,0.14394835668629946,0.04263646215218246,0.12994953038666363,0.45979052337141846,0.06729427805270152
3,598,0.14876689279031055,0.11463443183099065,0.0423375828247363,0.1251630180581591,0.4988939457887457,0.07020412870705782
3,599,0.158320536764795,0.135963300073598,0.04547600107032447,0.13613939151267956,0.4523079504053156,0.07179282017328735
3,600,0.1310896247762262,0.13986454953986352,0.03754141237505759,0.12493049541900482,0.5017800295236359,0.0647938883662119
3,601,0.13888015272009227,0.12361686663622486,0.03817767122918766,0.1396744172769597,0.48814535871913267,0.07150553341840285
3,602,0.14591971808074145,0.12503858605044654,0.04057097656590447,0.14870971141407127,0.47039356909076413,0.06936743879807213
3,603,0.14846662531076205,0.1323757263989965,0.03863435030820579,0.12285094793389767,0.4888526000615767,0.06881974998656117
3,604,0.13406927217371595,0.12159785352978228,0.04000862718070325,0.14054525172200008,0.4928709469411707,0.07090804845262785
3,605,0.15564734886651269,0.135959214162997,0.040842643250044136,0.13771556448089192,0.4650645356152796,0.06477069362427464
3,606,0.14929135041499192,0.11937429214794636,0.0397602033503709,0.1331933474263406,0.490268951967422,0.06811185469292831
3,607,0.15030827505102234,0.1310394123652929,0.03507958914274526,0.1221865680820492,0.49237213708102195,0.0690140182778683
3,608,0.1554920373865429,0.135787224208047,0.04327495468926927,0.12012713119766025,0.47387440025991945,0.07144425225856108
3,609,0.1414524796214959,0.1250245193068859,0.038651846112203105,0.127112002627251,0.49539269986594586,0.07236645246621821
3,610,0.15687367027501536,0.1357762078189407,0.04145238631806588,0.13277836787800404,0.4671862591069177,0.06593310860305637
3,611,0.13679630315933436,0.13559727666679608,0.03627405778760129,0.13355976389083624,0.4876836443537398,0.07008895414169217
3,612,0.14619253263925536,0.13239415644053928,0.0452815645190566,0.13972386002804393,0.4595906417288317,0.07681724464427314
3,613,0.14872983298406564,0.1280501898316189,0.04222876903194914,0.13345705948201875,0.47563501727552976,0.07189913139481778
3,614,0.1535941380297236,0.12458348439057237,0.04204052829682875,0.13438751502921698,0.47303696241084886,0.07235737184280942
3,615,0.13425071676092074,0.1324030863757024,0.0436468421504281,0.1245333980320111,0.494576115138223,0.07058984154271458
3,616,0.14313021339932522,0.1291083420802845,0.04430751054148541,0.1358949115960637,0.4816606378869278,0.06589838449591336
3,617,0.15755746458850314,0.12810321792057894,0.03926736916785743,0.1459588189985197,0.4505855412196377,0.07852758810490314
3,618,0.15848772454489543,0.1359318183572372,0.042812713482972324,0.13313349040309747,0.4540943311785886,0.07553992203320893
3,619,0.14005524407452488,0.13651041702119718,0.04484208410816996,0.1266961979515368,0.48352633063279066,0.06836972621178053
3,620,0.1388927327600035,0.12285529999745823,0.04428013198598437,0.13912356939603843,0.48606038263146845,0.06878788322904705
3,621,0.14060954943941334,0.14208382586257168,0.040577107117444285,0.14383665221089578,0.46151771881912157,0.07137514655055328
3,622,0.14393149847868006,0.1327185470846158,0.03618839554747997,0.12397290651442208,0.49122513470973894,0.07196351766506308
3,623,0.13718484103721956,0.1381605259959985,0.0369256066628233,0.13046415807578035,0.48069877539295336,0.07656609283522489
3,624,0.14368522074418139,0.12353710941564756,0.03931803212173728,0.12714842671531373,0.49299341332906577,0.07331779767405427
3,625,0.14106494426469257,0.13948864067138905,0.03832679651910489,0.12312144746084697,0.48511981352473676,0.07287835755922974
3,626,0.14153632102338057,0.11808488366698348,0.03878460517566791,0.13661713159257263,0.5027908541337748,0.06218620440762057
3,627,0.14035341483456584,0.1441522356745015,0.04210209841391532,0.1272266244885815,0.48125792585239935,0.06490770073603654
3,628,0.15285583432086905,0.12618701546681424,0.03742801269299662,0.14084280325787282,0.4713013620769941,0.07138497218445322
3,629,0.15027920045993604,0.1390521552159253,0.03643811681864493,0.12611209226080244,0.47984625326606184,0.06827218197862951
3,630,0.13964695105498387,0.13052885038928172,0.0412865503365448,0.12145691998970992,0.49491087428626784,0.07216985394321178
3,631,0.1332123526923657,0.13120326396255616,0.034881476732376904,0.132122505088774,0.5003820929471743,0.06819830857675303
3,632,0.1462934540196186,0.11732797301413644,0.03920837596107593,0.12809592800147138,0.503150816653505,0.06592345235019267
3,633,0.14439254360956488,0.12579245013266108,0.03669216160244508,0.13656117684505886,0.4873451065282405,0.0692165612820296
3,634,0.14429676080977394,0.13700263796416803,0.04349896520324271,0.12139389309557269,0.48788051439891783,0.06592722852832471
3,635,0.14067862858315142,0.12446654896546074,0.038228433264490116,0.11928259934661452,0.5006519047264848,0.07669188511379843
3,636,0.14046315188011063,0.13414317556022315,0.04036644031250772,0.12979094201417177,0.48392148857424,0.07131480165874667
3,637,0.1359585617834238,0.12851816008645137,0.03954176108925693,0.14269047582769134,0.48430024179192477,0.0689907994212518
3,638,0.14641387748498894,0.1389930697994633,0.04212885379677396,0.14407169788176546,0.4548411664451281,0.07355133459188022
3,639,0.1316939693473912,0.12691339300948848,0.0420834238090188,0.12542226577312793,0.5079648601881017,0.06592208787287179
3,640,0.13326960135735952,0.1337354718670298,0.04243394994371781,0.13068967246123983,0.49411712502091215,0.06575417934974088
3,641,0.14030027679663337,0.14123915687681685,0.03969250364414593,0.13927913049592774,0.47242293935784524,0.06706599282863092
3,642,0.15034323286108492,0.12442431570376736,0.044017252513182795,0.14219779947840963,0.4615005434465575,0.07751685599699779
3,643,0.13497758826619807,0.1431645257654534,0.043869415681173626,0.1391788364658069,0.4620692875597769,0.07674034626159117
3,644,0.15213855081982489,0.1250279462249299,0.036016331011827975,0.11872631004860952,0.5012462704275643,0.06684459146724338
3,645,0.15344017198792126,0.11440689085358546,0.042887985051567136,0.13624623116972764,0.485105529265082,0.06791319167211646
3,646,0.1621979905468853,0.1412849025771206,0.03995836644679237,0.1304667442823923,0.4494711283639579,0.07662086778285158
3,647,0.14188354736970032,0.12445097749200532,0.039458974900527015,0.12753142781508298,0.4910675156822555,0.07560755674042884
3,648,0.14469490389804382,0.13706128650272914,0.03815745938328949,0.13625610426616033,0.4755418464746239,0.06828839947515328
3,649,0.14125723417017383,0.13284799984148063,0.04254204092495541,0.1404341672218245,0.4757939065696014,0.06712465127196415
3,650,0.14741661703372258,0.14670235413895355,0.03856191094595187,0.1365442831066005,0.4597598219448918,0.07101501282987972
3,651,0.13831546376202036,0.14734938431867386,0.041938396544228033,0.13259601537461954,0.4647892833534386,0.07501145664701957
3,652,0.1600251365544199,0.12711831912061725,0.04381326266929237,0.12469027920366586,0.4714104461917838,0.07294255626022078
3,653,0.13151716668805577,0.12069637996026547,0.037859785020559526,0.13476970113760445,0.5072959447935708,0.06786102239994399
3,654,0.1495924475934949,0.13005316482402332,0.037049278433282255,0.13292001520144348,0.48636850814249716,0.06401658580525893
3,655,0.1419643350879885,0.13533598847399764,0.04076588045014163,0.13273838518284822,0.47252413829395096,0.07667127251107309
3,656,0.15701325145935902,0.12405128945266482,0.042903663616434946,0.12962213820818275,0.474441557035687,0.07196810022767142
3,657,0.14169490195605253,0.13133166869286236,0.04293306586155748,0.1347140717142853,0.47965698086105274,0.06966931091418968
3,658,0.15549192651536686,0.1254292580302768,0.04071031624090388,0.13130161721355335,0.4812521976102464,0.06581468438965275
3,659,0.14336868951202417,0.12887929542550394,0.037327631000356236,0.11924809448196907,0.508395697744529,0.06278059183561756
3,660,0.13600335449005962,0.13359757055362445,0.037642862119333056,0.1360926816428332,0.4824827332332288,0.07418079796092084
3,661,0.1625310679951756,0.12610305118304854,0.04017065162389373,0.13710156547939223,0.4648494657320713,0.0692441979864186
3,662,0.14280271853727589,0.13767244773000561,0.04220102313124944,0.12222402001903995,0.48184967421301833,0.07325011636941085
3,663,0.14279330633334167,0.12704551773164857,0.040579149595490464,0.12267728894779792,0.4986354300546744,0.06826930733704699
3,664,0.1313458266211962,0.12332841515289607,0.04061182742772265,0.14101905934990738,0.5003507391041248,0.06334413234415305
3,665,0.14150610811274592,0.11706435140475493,0.03685369684493226,0.13747518130060804,0.4959568030879011,0.07114385924905783
3,666,0.13689995629437784,0.14030519629739516,0.03823075142235214,0.12374060126168586,0.48499773118210887,0.07582576354208004
3,667,0.1535885544915842,0.14082467629358367,0.04021750796612502,0.14012801217819087,0.46030838756072445,0.06493286150979183
3,668,0.15551751311044393,0.12177720054369602,0.04213124866387257,0.11941798390481188,0.4921951926138745,0.06896086116330111
3,669,0.14111891347757435,0.11884870032414507,0.04101634924066963,0.13693363805148148,0.49115908997266444,0.07092330893346513
3,670,0.14203631532615674,0.13561775816405372,0.03565254782364872,0.1195685091574666,0.5006903316355774,0.06643453789309685
3,671,0.1544011863373068,0.12534243902700046,0.04596329876306178,0.12792607045661863,0.4783146837190522,0.06805232169696014
3,672,0.14077126905698303,0.12618142904987786,0.04189707874938474,0.13504675735751218,0.49125102334134857,0.06485244244489351
3,673,0.13116870696425692,0.13965807888450357,0.03914046054099883,0.11586790810426038,0.49990335837928845,0.07426148712669184
3,674,0.14412732879147921,0.13787247367449887,0.04455764378784443,0.13209806433914667,0.46683047315793197,0.07451401624909888
3,675,0.1453482362694644,0.1252270419782155,0.03839002815192708,0.11829018227046631,0.5088046250931043,0.06393988623682248
3,676,0.1582174364874328,0.1225646382309948,0.03977956552232105,0.13211458066111587,0.47160688731067435,0.07571689178746122
3,677,0.13766521425216172,0.12715120384265818,0.039614664843064674,0.13094142469980674,0.49332790888584793,0.07129958347646062
3,678,0.148084704296452,0.12441887158205198,0.042706288021966715,0.1198056545241784,0.49449668368267147,0.07048779789267945
3,679,0.1315687537230817,0.129397372949635,0.03612113398227846,0.12534458724661576,0.5125291445056419,0.06503900759274724
3,680,0.12841799221716993,0.1192079783688352,0.03909781860089264,0.12801333921465888,0.5156968414331368,0.06956603016530667
3,681,0.13788189048261576,0.13197043476137393,0.040548156415374535,0.12703634760094526,0.49201346727315387,0.07054970346653662
3,682,0.14603327035891353,0.11993886223523297,0.038268156075674346,0.12131358917532443,0.5055941039847084,0.06885201817014634
3,683,0.15088064649759436,0.12517216710955953,0.04118418244193894,0.13453338906531243,0.4787130345876104,0.06951658029798444
3,684,0.14009290743809463,0.11520638958385766,0.03935149320254144,0.13235425506923001,0.5116592122641741,0.06133574244210202
3,685,0.14878470928962353,0.1304443282855688,0.038313099667354134,0.11385100741492113,0.500202145186398,0.06840471015613445
3,686,0.14725673449845456,0.12959543603933135,0.042261177525143065,0.13794724413066245,0.4686061137398275,0.07433329406658101
3,687,0.15036707076048086,0.12558018887569483,0.04133444495839283,0.12790837144567913,0.4809682390543232,0.07384168490542915
3,688,0.13325002379030104,0.1313977542987929,0.04139535408522997,0.13028917446248722,0.4926492481450616,0.0710184452181272
3,689,0.14032636700504966,0.1341756823673929,0.03775997947581028,0.12564045215729922,0.4883115663021518,0.07378595269229615
3,690,0.14398942076895,0.12307828145868904,0.04504979092256586,0.1302450276525465,0.480583715019152,0.07705376417809666
3,691,0.1602516858327039,0.13893236871427722,0.03929919001971447,0.13816546488849588,0.45773174437795405,0.06561954616685452
3,692,0.1500984221253603,0.12026307391629738,0.04352414498870591,0.12552669864835442,0.4925694019360791,0.06801825838520285
3,693,0.147087769568318,0.13672750411745185,0.03586602499569792,0.13742568099116442,0.4806223665292413,0.06227065379812659
3,694,0.14428759740681596,0.11848268715238962,0.03758264388299799,0.12265865789407661,0.5148606122969286,0.062127801366791253
3,695,0.1541847289394708,0.12071116952314583,0.04221481931325181,0.11948177300036296,0.49767645345659006,0.0657310557671785
3,696,0.15563719632378467,0.12090742964782164,0.04019833605223882,0.1279238792460277,0.48365286619427683,0.07168029253585044
3,697,0.1476569435803558,0.13084604992955917,0.04144296277542208,0.14740237393086592,0.4587593093291395,0.07389236045465748
3,698,0.15321813883360783,0.13784839579827848,0.03896027811487888,0.141570777761294,0.453740007322364,0.07466240216957683
3,699,0.14771714066526836,0.12491613095604388,0.038483465531834724,0.11559131378326501,0.506279475465288,0.06701247359830018
3,700,0.1505656412166621,0.13476893133555237,0.040563064102322216,0.12930676553429202,0.4715781801632018,0.07321741764796955
3,701,0.14315823662594876,0.1248910330612405,0.040876684325834335,0.14367551138011933,0.48245187528380457,0.06494665932305253
3,702,0.13858469846697025,0.13525568152286954,0.0394430999599481,0.12345653015879589,0.48325222302937865,0.08000776686203752
3,703,0.15298096404977393,0.1167747814223093,0.03615214069743171,0.12432542328254996,0.5047145576601995,0.0650521328877357
3,704,0.14309280093951596,0.13506251182369886,0.036462012811970625,0.11555814626167141,0.49800715190367534,0.07181737625946794
3,705,0.15032862896299773,0.12860483826143818,0.03980070310216792,0.11447564179360957,0.5005516134067951,0.06623857447299154
3,706,0.13884154220096137,0.12587928512665889,0.04081215589279828,0.1302933646304402,0.4965539513081206,0.06761970084102073
3,707,0.13716095113352733,0.12541244204581975,0.04303146025563859,0.1409128169520938,0.4879388597761175,0.06554346983680306
3,708,0.14444181448548668,0.12486931439200737,0.03912594808051387,0.14339440768232453,0.4847341976090472,0.06343431775062033
3,709,0.1481951464362129,0.12982644265090268,0.03811516286117422,0.11722304612951287,0.5028799446552662,0.06376025726693113
3,710,0.1496149801623808,0.11814894111077436,0.0364708391142739,0.126688122849594,0.5045873716495644,0.06448974511341252
3,711,0.14518432892972072,0.12860180877244715,0.03719887135780747,0.13326971070476304,0.4878112368338288,0.06793404340143279
3,712,0.14898369612223072,0.12832865340308702,0.03625438185216351,0.12945488020622,0.4925499808232464,0.06442840759305228
3,713,0.14788477905957512,0.13763397154309076,0.03871269121034269,0.13246830718043004,0.46686912556086935,0.07643112544569211
3,714,0.14173468069911765,0.13768925060110687,0.03729739664443917,0.1320864750316262,0.48345218842603105,0.067740008597679
3,715,0.13002953208973753,0.12459895569058324,0.037062073308991784,0.12960842916573698,0.507976110725752,0.07072489901919846
3,716,0.15888375176370909,0.14169403707192976,0.04524884371873864,0.13636179922272043,0.4461962343123172,0.07161533391058496
3,717,0.1459125079105894,0.1167762276431765,0.04153595632427919,0.12492919345196507,0.5024773364212052,0.06836877824878465
3,718,0.1493703686338687,0.1373448489551152,0.042398949250301694,0.14547346878085832,0.4478621589216162,0.0775502054582399
3,719,0.13322608040640982,0.12163054660081167,0.04301287599244309,0.14311507248595276,0.4917398446764628,0.06727557983791992
3,720,0.14772225111791032,0.1457390045331625,0.042190835599949975,0.1247199553128747,0.4693218602313694,0.07030609320473305
3,721,0.1437499670135411,0.14220568952411222,0.04073132203108866,0.14312104651423538,0.46335102798593236,0.0668409469310903
3,722,0.14306113582855962,0.1299808433141318,0.03705233659195752,0.13505242834636275,0.4905764943097869,0.06427676160920137
3,723,0.1349391884143424,0.13824623127911742,0.04285196597369943,0.1446280390642941,0.4619225029909786,0.07741207227756808
3,724,0.1467650463269255,0.13445792579484314,0.04139934873594926,0.11883300093575218,0.49601523629470784,0.06252944191182208
3,725,0.13703081499101086,0.1189657334019633,0.037823971555778435,0.1387701720883377,0.5033400664650457,0.06406924149786412
3,726,0.14822397145136829,0.12601106780210294,0.044088096951279396,0.13812977653490938,0.47177286830078446,0.07177421895955553
3,727,0.15156378714041266,0.12772120174382454,0.037596634318574615,0.11363063413145226,0.5034760018323862,0.06601174083334975
3,728,0.14234705935520245,0.1323899182727392,0.03893130552849758,0.1331801223244073,0.48590755008358283,0.06724404443557071
3,729,0.14853301287236073,0.12654146372801628,0.042542076822507845,0.1460485942723021,0.46040970607240256,0.07592514623241045
3,730,0.1350713781528802,0.12290391694263485,0.03888535144171312,0.11795324842447892,0.5144661811185058,0.07071992391978704
3,731,0.1479739470343065,0.12713105838364003,0.04039087217116194,0.13726214675661724,0.4789459253646826,0.0682960502895917
3,732,0.15853907929441224,0.14483714514792673,0.04106376144785659,0.13977518145336051,0.45102924281225026,0.0647555898441936
3,733,0.14975433845289834,0.13808956894273455,0.04548376008840466,0.1379675145845315,0.4557693112833501,0.07293550664808085
3,734,0.13925356981505,0.13383830504550476,0.03656386544496254,0.11987146423827061,0.5056608132615664,0.06481198219464562
3,735,0.13795912260549725,0.1309625576704136,0.03731462998364032,0.1347934845266509,0.49814306842809203,0.0608271367857059
3,736,0.13602293736795298,0.1368770444801644,0.04345685164473469,0.13537991540686417,0.47915343750169626,0.06910981359858742
3,737,0.13646161103717466,0.11790377777938017,0.03683392038009566,0.1400805984147441,0.4998076264898256,0.0689124658987798
3,738,0.14035991152866115,0.1368568717852071,0.04405583210112461,0.12756600408712565,0.47908341577939845,0.07207796471848303
3,739,0.1404891046383135,0.12108355117466393,0.037427504479455614,0.1439856276867418,0.4897210520561703,0.06729315996465485
3,740,0.1399797256007281,0.13972613087814076,0.03863548059792792,0.13180069004924458,0.4837263523356261,0.06613162053833262
3,741,0.15155376223025266,0.14107382737007035,0.038305361872987796,0.1426728945279139,0.4529855464309046,0.07340860756787065
3,742,0.16171464995491208,0.1278976518709207,0.041181548766988235,0.14501176110352504,0.45037557634544384,0.0738188119582101
3,743,0.1324874795516543,0.13177753166417497,0.04296713402833637,0.11790913249667791,0.5085933963972703,0.06626532586188608
3,744,0.14589979127203728,0.13172439000573632,0.03817669007367996,0.130001636836784,0.4780087494575018,0.0761887423542606
3,745,0.15691601024276808,0.13347749398792325,0.039603033402557886,0.12755162171047202,0.46758319632337203,0.07486864433290667
3,746,0.15007013567413283,0.14122049068101808,0.03836060850769082,0.1413939712821816,0.4651875072617566,0.06376728659322009
3,747,0.1518898784045237,0.14155383548145598,0.04336404815086913,0.12855123344425348,0.46422443401138797,0.07041657050750973
3,748,0.1588649385149368,0.12117894198193473,0.04298179190498704,0.14101107583101105,0.46451056785615047,0.07145268391097993
3,749,0.14480275604230602,0.14074768225068252,0.03977031488082187,0.13678816063218024,0.4643352692366146,0.07355581695739478
3,750,0.1538537508860757,0.11464278382091717,0.04063725857406848,0.1302240579948436,0.4969765409068786,0.0636656078172165
3,751,0.14749149352688964,0.13569788790901038,0.03938309747555738,0.12315480640162015,0.48445174673941727,0.06982096794750507
3,752,0.1422323049501458,0.15084865356085145,0.044646786018170743,0.12668655082387068,0.4675793865454395,0.06800631810152179
3,753,0.15312005941945375,0.12085675355350917,0.04042702128215767,0.14119787333711994,0.46939607488264523,0.07500221752511421
3,754,0.1388424292231518,0.1293917163496127,0.0425180714471322,0.12904422059738024,0.48916915494569974,0.07103440743702334
3,755,0.15503235527442497,0.12839374450015376,0.037358181746845805,0.13994422848451113,0.4655841467818519,0.07368734321221244
3,756,0.13862066182875724,0.13125509231985724,0.03895509983006542,0.12330978032331784,0.5016688320913172,0.06619053360668507
3,757,0.1355800563229598,0.1360607662421337,0.03943892752893063,0.13707717205993422,0.48687301166615365,0.06497006617988803
3,758,0.13056961441737724,0.11846643568566913,0.03874601605079872,0.13334196025770892,0.5080679890954125,0.07080798449303358
3,759,0.14727078055534512,0.1358975611654656,0.036542619506857964,0.12967304888201864,0.48801136272505596,0.06260462716525665
3,760,0.145162561391247,0.1226668101923208,0.03932312797201038,0.13353785331512233,0.4877272892699132,0.07158235785938628
3,761,0.14052277232212873,0.1390573035769214,0.03764796454963687,0.12855819690494996,0.4865917440163607,0.06762201863000246
3,762,0.1345096074582935,0.12239576352696559,0.04178437925052998,0.12306014361797012,0.5129957885041287,0.06525431764211202
3,763,0.14554430610039143,0.14256119174025655,0.042022112235730866,0.14001860616997008,0.4583225751686217,0.07153120858502937
3,764,0.1445548400826818,0.1324504910928465,0.04118077418924962,0.1421982541451933,0.46915334525419744,0.07046229523583131
3,765,0.14073476104780008,0.14146974953697625,0.03870481836381086,0.12367066909945168,0.4787539087818313,0.07666609317012978
3,766,0.15343860242974294,0.12914069507686254,0.041373701929772695,0.1256640053112511,0.4756834232844131,0.07469957196795761
3,767,0.15497838357809468,0.12616062878400072,0.044293587836757686,0.13864122218933642,0.46580339271323,0.07012278489858051
3,768,0.14165819641525554,0.14311173950676268,0.04259687450778026,0.14443209306756108,0.456559865013981,0.07164123148865953
3,769,0.15361078229363084,0.12299377625370748,0.04177937690930452,0.14043850870325786,0.46727039159234585,0.07390716424775337
3,770,0.1548047475639801,0.12175351426257985,0.043763965392327665,0.1397025544919736,0.4684915228086575,0.07148369548048125
3,771,0.1550445890571371,0.12994274288567786,0.03957251301699029,0.11973363283103879,0.49147212316332206,0.06423439904583389
3,772,0.1364059239275915,0.12198663065880758,0.040612090448139015,0.13144641218393988,0.5030472650867178,0.06650167769480425
3,773,0.15947525088722683,0.1407438984346597,0.04325969528962984,0.12615349704890974,0.46073428503725106,0.0696333733023228
3,774,0.14551300932940908,0.13440625026430558,0.04354007768442633,0.1265941076621652,0.47769407643965467,0.0722524786200391
3,775,0.1310729424474497,0.11906389353228783,0.03917195938723496,0.13722058228823608,0.5003935070962281,0.07307711524856338
3,776,0.1400951252204523,0.14642213925471267,0.04196280399743038,0.13690033313183306,0.46800344882615164,0.0666161495694199
3,777,0.13794515621508996,0.13738054588350662,0.039499147631515776,0.12054270446456167,0.49763525670361103,0.06699718910171498
3,778,0.14830582287555144,0.13308314801572738,0.03754894570101111,0.13788490035387968,0.4732631451318401,0.06991403792199034
3,779,0.13661700298087048,0.1247705939736834,0.04042574388921878,0.12946484473750536,0.5010060685714186,0.06771574584730336
3,780,0.1367568758131715,0.11868392352474784,0.039559315656395116,0.13504706674368758,0.4991028357654378,0.07084998249656015
3,781,0.14992950989569376,0.12976141869679128,0.044911628180185924,0.12624879064508626,0.4813216642676263,0.0678269883146165
3,782,0.1550403145914128,0.13060967679671084,0.04097201417309806,0.12645152473308083,0.47605114131028003,0.07087532839541746
3,783,0.14947384218954396,0.12517718942115494,0.04148055651141434,0.13804869607523887,0.4782051293295183,0.06761458647312955
3,784,0.12863662891265196,0.1279840989613868,0.03918138216462578,0.12440133618189403,0.5112006786989293,0.06859587508051206
3,785,0.14014921566567248,0.11513853884252102,0.039154399267829945,0.1332061983408721,0.49777644826728373,0.0745751996158207
3,786,0.15005962939040407,0.1119051798618433,0.03643301334247652,0.13171032525799853,0.49820810283249606,0.0716837493147815
3,787,0.1329398921852692,0.12213540583940047,0.04306381240920094,0.11998990568769889,0.5164297946032687,0.06544118927516186
3,788,0.15748218467595634,0.13299659179219148,0.0383700951319645,0.12784801522134392,0.47276867247677873,0.07053444070176511
3,789,0.13727034073269984,0.14432676220357957,0.044067085357781526,0.13628860421116606,0.46926199584408085,0.06878521165069208
3,790,0.1408759247554637,0.12530761507292895,0.03556888293111974,0.11861239394075698,0.5124163457396488,0.06721883756008189
3,791,0.14992826082551988,0.12903752692263967,0.039390029481497404,0.13342480989715522,0.48711067073930703,0.06110870213388078
3,792,0.13102909442143876,0.13302627353584212,0.039400034881210855,0.1358049888724703,0.4902160986409455,0.07052350964809238
3,793,0.14830070724605757,0.14271363351891758,0.03881916129471935,0.137783083182023,0.455845848556796,0.07653756620148648
3,794,0.14858255593707065,0.11822704891371817,0.03671322860298947,0.1267091430932147,0.4959035067126118,0.0738645167403953
3,795,0.15156070041419126,0.14699750295968927,0.0439062474954173,0.13235980245257525,0.45895931945772067,0.06621642722040624
3,796,0.15675312051074586,0.11715466693388044,0.04326712083151139,0.1348308317926549,0.47728090369047527,0.07071335624073209
3,797,0.14865839332096956,0.12919884356330966,0.039090076682257606,0.1443856582026134,0.47100501537608214,0.06766201285476764
3,798,0.1373159871403647,0.1242606888118377,0.03695147454083947,0.14427997466611384,0.4893032482060222,0.06788862663482206
3,799,0.1498883360057578,0.13512811472013836,0.03840403946890135,0.13864895458302157,0.4712827264834019,0.06664782873877897
3,800,0.13357059319351552,0.14186371389353822,0.04042775540263098,0.1334875562423934,0.4860080424076885,0.06464233886023336
3,801,0.1336891142567968,0.14227474162823434,0.04406341145695758,0.12443421629211479,0.47842342607502775,0.0771150902908687
3,802,0.14786694351923288,0.12386290308771634,0.03654690242368329,0.12192420921046329,0.501032717401468,0.06876632435743618
3,803,0.1371794940078094,0.14110145356356868,0.0378926767202793,0.13305578010328328,0.48588316744389576,0.0648874281611636
3,804,0.15243040679410028,0.128973445103589,0.04212460084845873,0.140906331897507,0.4692075931083571,0.06635762224798801
3,805,0.15361373131269043,0.1366628148118551,0.04054552188933466,0.13605741533625929,0.4661229825520459,0.0669975340978147
3,806,0.13306550332803369,0.11829062900628341,0.03776615823466295,0.13991114574040367,0.504699726643313,0.06626683704730346
3,807,0.13437374258825963,0.12805315110779375,0.037853220026426965,0.13213234236299684,0.5011138606231709,0.06647368329135189
3,808,0.14071458747059779,0.14622004353856535,0.044879282876975554,0.1272716551166125,0.46245671630743673,0.07845771468981211
3,809,0.15527133337646298,0.12316386671350896,0.037842241214118826,0.1402311312219389,0.468616263935135,0.07487516353883536
3,810,0.1475078825598006,0.12765441686355075,0.044514854653522964,0.1393389438076292,0.47459967229618466,0.06638422981931177
3,811,0.15873654058621842,0.13428108620432339,0.04396685976135498,0.13392033763448488,0.4551551468534436,0.07394002896017472
3,812,0.14793511319227126,0.14046009083349614,0.038536923718541435,0.13373128390407776,0.45928354281154854,0.08005304554006483
3,813,0.1383908606233821,0.12161101395766387,0.042204232781638026,0.14131438838924787,0.48506123893930075,0.07141826530876737
3,814,0.13435370703181965,0.13340486261973725,0.04238669039272926,0.1409961210251052,0.478312249994206,0.07054636893640269
3,815,0.1337812670151125,0.13305621466916834,0.037799830923264506,0.1339157912124714,0.5007967041074909,0.06065019207249245
3,816,0.15629542149322312,0.1366648859529465,0.039153686800163935,0.14377642005880614,0.45255940210412715,0.07155018359073308
3,817,0.14936180441436597,0.12529007259979763,0.040298310589842554,0.117335565470718,0.4964939479565076,0.07122029896876816
3,818,0.13458522056631386,0.12878320877303684,0.04299422458065904,0.14015478989920768,0.4824991384768484,0.07098341770393408
3,819,0.14812574290112213,0.13940894399831608,0.040505799014570354,0.14113208865790264,0.46317353847108145,0.06765388695700736
3,820,0.1495019280700884,0.13553863397943297,0.03760431785368824,0.13505536312628288,0.47064030395706963,0.07165945301343786
3,821,0.14657300985417657,0.1210868941482445,0.0384193406647402,0.12923050187918214,0.49251465925229604,0.07217559420136059
3,822,0.13848666749940652,0.13129677235742124,0.04017221878074402,0.13092935650442136,0.49621180700240974,0.06290317785559714
3,823,0.13638011608263598,0.13401084074445468,0.03842174477297833,0.13422457583887665,0.4929097864805617,0.06405293608049262
3,824,0.14706265233390195,0.13257515518249105,0.04599530360058332,0.12671493706146242,0.4722646883434529,0.07538726347810827
3,825,0.1657657459392012,0.13413891704664857,0.04548004090294773,0.12825014252945607,0.45621758242552907,0.07014757115621738
3,826,0.15740898324851818,0.12594573771974013,0.03861933237181809,0.13685817079488458,0.47256767856970844,0.0686000972953305
3,827,0.13627314662266413,0.14848825321602324,0.04139139670789696,0.12436991115854384,0.47607764798596036,0.07339964430891144
3,828,0.153454166862136,0.12147290925682847,0.04283657664318326,0.12841600061791697,0.47869850431366884,0.07512184230626644
3,829,0.16184652237471986,0.1326075763421271,0.042029858802674624,0.13062375967858714,0.4615092550629647,0.07138302773892656
3,830,0.13897474249938305,0.1335551911649379,0.0424509479193118,0.1252622860976679,0.485515425826066,0.07424140649263324
3,831,0.15416314943804182,0.14466776380836163,0.04104641477156491,0.12824636055274954,0.46308603389080827,0.0687902775384738
3,832,0.1597295729022919,0.13277713711756484,0.041023358771408225,0.1446629326603424,0.45175361685913,0.07005338168926262
3,833,0.14161812812928087,0.12583520573715723,0.037831417844534296,0.1374221372551559,0.48864887664080375,0.06864423439306794
3,834,0.1491496005515994,0.11911150778152192,0.04227207699283641,0.1190136768968981,0.5000291102297671,0.07042402754737702
3,835,0.1510266319679687,0.12636247371605586,0.03839133089064899,0.13544006684737794,0.48385182440128344,0.064927672176665
3,836,0.1375331824556346,0.12862462280477688,0.0367656411976179,0.1222939851101939,0.5078765187824199,0.06690604964935688
3,837,0.13553278423581958,0.13356730694684626,0.0437503257100991,0.12892167012840822,0.4838989498656464,0.07432896311318052
3,838,0.1471176331093703,0.13400894121558185,0.04061602497922297,0.13579269297405677,0.47079566506145587,0.0716690426603123
3,839,0.14234943081320708,0.1269658620756119,0.04404670691388523,0.12398538288537557,0.4936313052268799,0.06902131208504024
3,840,0.1411199189395681,0.13179207640443016,0.043328448532989026,0.12489504677416113,0.48380846702784275,0.07505604232100895
3,841,0.1463444910786713,0.13615854397211496,0.04227405092173765,0.13063397238892868,0.4642194527913598,0.0803694888471876
3,842,0.14931242010367926,0.12801421959738332,0.039148654076990634,0.12612344358769348,0.48958607291030765,0.0678151897239457
3,843,0.1450186311323916,0.12320423837550587,0.039887036594948876,0.12678201721799187,0.5011140894206979,0.06399398725846388
3,844,0.13283841850591876,0.12036380528602407,0.04002686935010408,0.12182537339034125,0.5141619822542102,0.07078355121340164
3,845,0.133299082103228,0.14211135089718308,0.042006179736804754,0.13398544240062035,0.4791584334874221,0.06943951137474168
3,846,0.14630410836795554,0.13584067699637498,0.03977071585587434,0.13238447719536878,0.46670458634941087,0.07899543523501548
3,847,0.15205531723258925,0.12484982052701252,0.04573013919431325,0.12807008895731053,0.4734025830951588,0.07589205099361566
3,848,0.14602361013234197,0.13054048886247377,0.03820372789490416,0.12596263374848843,0.4881667309867818,0.07110280837500983
3,849,0.15691161792585512,0.11716082443923317,0.03667783443387912,0.12426295740554463,0.49292655587020345,0.07206020992528459
3,850,0.14499462672603627,0.14488987138401863,0.037239417144187686,0.12126835581700533,0.4782637525742663,0.07334397635448588
3,851,0.1424122320150212,0.1394405691723939,0.04319229437530103,0.12274452660824703,0.47462390097328483,0.0775864768557519
3,852,0.15206919398919194,0.11751355673294281,0.04033594486761483,0.12633468265792905,0.4913544957849208,0.07239212596740056
3,853,0.15794200442349768,0.14190316328528577,0.03724335793987816,0.13908008396482097,0.4491544736824256,0.07467691670409177
3,854,0.14158824407103393,0.13539168849909705,0.04112063182132879,0.1283336303684476,0.4868326801902618,0.06673312504983078
3,855,0.13939635031595285,0.1374029156679201,0.03609918715783348,0.1378324464844622,0.48444802822175315,0.06482107215207825
3,856,0.15309555656658655,0.1273343371072716,0.04402373075764905,0.13964518678066337,0.47085960115125125,0.06504158763657814
3,857,0.14520475718158043,0.14102979386383727,0.03944238794688916,0.12956566985104953,0.4686683087598484,0.0760890823967952
3,858,0.14402300500467763,0.11329972232613031,0.042367275912778855,0.12658033916336997,0.5008839279891485,0.07284572960389468
3,859,0.14321997089672311,0.13163654887880336,0.04050625530591625,0.13365075232570456,0.47592639307729384,0.07506007951555882
3,860,0.1375801456791478,0.14758215653380496,0.045864455366812,0.14183089049010894,0.46108264901163853,0.06605970291848773
3,861,0.13776099584091456,0.12781273767165535,0.04301731409209563,0.1277344190398128,0.4953560236009264,0.06831850975459525
3,862,0.16078100153010436,0.1340004999655553,0.043936497227459285,0.14443597746045567,0.4472450166450223,0.06960100717140312
3,863,0.14817931010549806,0.13497421513715185,0.04322123441567562,0.1379556437091399,0.46164902796356416,0.0740205686689704
3,864,0.14862568035730525,0.13535107472598884,0.036800958944678115,0.12001492476082178,0.48981415387918636,0.06939320733201974
3,865,0.14018944037791892,0.12377298290817965,0.04309761803522485,0.13486150770166452,0.48400961466282505,0.07406883631418691
3,866,0.12868373772503883,0.12295747819331865,0.04044379382378401,0.13270751883293813,0.5016308360336347,0.07357663539128577
3,867,0.13962527204073633,0.13739233327867761,0.04093871300320802,0.14429996035909803,0.4604809030659106,0.07726281825236946
3,868,0.14866473775319533,0.1319674246161053,0.04026068375048653,0.14560860597999323,0.45558663284160156,0.077911915058618
3,869,0.14015797818590142,0.13444588686138068,0.039719744945340925,0.14629480251698035,0.4664772929890466,0.07290429450135003
3,870,0.14348505214818894,0.14005884943209904,0.039964574931488736,0.13817379187179524,0.4694325161590968,0.06888521545733128
3,871,0.13791988461328933,0.12204992822284488,0.037543245069073035,0.1289270316411819,0.5048593716765644,0.06870053877704653
3,872,0.1573008238714157,0.13630560523737806,0.03964253923389613,0.14332031077922383,0.4523410434722997,0.07108967740578655
3,873,0.1527111112880749,0.13258699573898403,0.03964186095205183,0.12919981820991133,0.4745612903288633,0.07129892348211471
3,874,0.1625721784523544,0.12632678406096742,0.041796071853320835,0.13337931891029176,0.46381671895973703,0.07210892776332851
3,875,0.143440430853339,0.12134363546832765,0.03615983495013498,0.13553592965366643,0.49085929206788126,0.07266087700665079
3,876,0.1537915913304284,0.13481943277666672,0.04044884369947742,0.13415954112769782,0.4666646206985453,0.07011597036718435
3,877,0.1442308626602058,0.1400027953222571,0.04215861404697126,0.1469585438522688,0.4600489072638913,0.06660027685440569
3,878,0.1490663457211909,0.13249274578394318,0.041695490076600554,0.1398174253976674,0.45954714252993845,0.07738085049065958
3,879,0.15261870740274444,0.12092334256071971,0.037040230010683114,0.1407002038852949,0.4816725103964533,0.06704500574410449
3,880,0.1474467316638741,0.12717381943293682,0.04024106779297498,0.12635394180930995,0.4910631454764002,0.06772129382450401
3,881,0.14345393908804308,0.14974226487340628,0.038244711763016394,0.13057370279075028,0.4666202095327191,0.07136517195206489
3,882,0.1486848553946149,0.1257625324356994,0.03667483163836794,0.13728000943044838,0.4875123078175522,0.06408546328331717
3,883,0.12867612862156774,0.13814051719542877,0.04197057475103299,0.1287300397459425,0.4906057949675364,0.07187694471849154
3,884,0.1583854388889878,0.13039563165768572,0.03697243555003509,0.14314336426251364,0.4530759739395145,0.07802715570126334
3,885,0.13841883150516548,0.1273190669683533,0.041733555780924525,0.11949365952910339,0.5085976074147405,0.0644372788017129
3,886,0.15067862683097802,0.1173835646356162,0.03820438677062393,0.12827078595476296,0.49852800093745664,0.06693463487056239
3,887,0.13706049709911688,0.1390717740016408,0.041430008051202,0.13353209962874663,0.4783437535033387,0.070561867715955
3,888,0.16249198465999762,0.13446188106732213,0.03732301754509644,0.12019129819529054,0.4770760786136586,0.06845573991863475
3,889,0.14271978820585093,0.1204281570634443,0.041782302400827934,0.12439778753076368,0.5014829953562309,0.06918896944288223
3,890,0.13885309869727003,0.12997960802809572,0.03642776537142435,0.13552984169806737,0.4973139583329617,0.06189572787218093
3,891,0.14295392395871986,0.14396750207176753,0.04174588306288822,0.1420089148141196,0.45707772160360766,0.07224605448889712
3,892,0.15909843006412996,0.1437214056823016,0.03909636607412202,0.1354379170440652,0.4545300454912951,0.06811583564408605
3,893,0.14942734111466757,0.1342953770627134,0.03840662800305121,0.1294301685572681,0.47481940525861543,0.07362108000368424
3,894,0.13745480800518495,0.13739206254902556,0.04176464492902555,0.12622578411375984,0.48892662407579557,0.06823607632720857
3,895,0.13926465914975875,0.12064474799297921,0.04433814590093965,0.12444860831977414,0.49624543995721115,0.07505839867933707
3,896,0.1460821347426643,0.13188076328666584,0.03733221386291433,0.12741887749167125,0.48450596022956444,0.07278005038651988
3,897,0.13818966463594895,0.13227740334520632,0.03883805375558013,0.1378351556100161,0.4789511686386586,0.07390855401458991
3,898,0.13367418057807653,0.12662302869465755,0.03803788007367221,0.12152756795365983,0.5074399649586844,0.07269737774124954
3,899,0.13140679082443885,0.1380916012643933,0.040900963139553125,0.12899669506396624,0.4925385395934869,0.0680654101141616
3,900,0.13662748905931996,0.11642062370512084,0.03947216214217629,0.1327852096908313,0.5012521135623006,0.07344240184025093
3,901,0.145547340438982,0.13122512331414285,0.03945870734590903,0.12155459790475165,0.4989191688799203,0.06329506211629417
3,902,0.15935157233433644,0.13649753189401143,0.043445433198592745,0.12215586349716395,0.46885643125773674,0.0696931678181587
3,903,0.15778487051452478,0.1235994738127265,0.04590897908879025,0.13861548203365753,0.4610235228554529,0.073067671694848
3,904,0.12956265247438586,0.12163489718307455,0.04281795196473251,0.11531419859446995,0.517000721646085,0.07366957813725217
3,905,0.14992254220251067,0.1336662571376113,0.04045928833343915,0.11841745613595017,0.48343147724672875,0.0741029789437599
3,906,0.14490432661551175,0.12363935028863482,0.04459568934369512,0.14237719306451785,0.47466544326912763,0.06981799741851281
3,907,0.14593223868174232,0.1238692891017697,0.04495567319461182,0.12263174469334436,0.4928443056980373,0.06976674863049452
3,908,0.15557664617838415,0.13017247801416942,0.045028354017997874,0.14086650862585162,0.4533023543650278,0.07505365879856915
3,909,0.14487897652997936,0.14308028737578915,0.03922901710439436,0.13188068583915927,0.46902283044813725,0.07190820270254063
3,910,0.15256103797280465,0.13352031769421763,0.03620389390623541,0.1370298118514813,0.47656145610716744,0.06412348246809366
3,911,0.14441556546217577,0.13534100289568063,0.03946277992991709,0.13731822784211806,0.4693971177880424,0.07406530608206609
3,912,0.14373397958656609,0.13031410577022745,0.046417196849280376,0.13589487103057926,0.4693837048332425,0.07425614193010432
3,913,0.14156211723773363,0.12770812663095224,0.043037971529460026,0.13572373437993762,0.4859473056379164,0.06602074458400001
3,914,0.14104742217257588,0.12191790612151315,0.0378093195462541,0.1314236652205159,0.5050979797669931,0.06270370717214782
3,915,0.13620330138198175,0.1300999479760443,0.03702435361272641,0.11982267402971855,0.5055205367306482,0.07132918626888071
3,916,0.13422062893259526,0.14053583354248894,0.038483052914214916,0.12558410266759096,0.48679290464556413,0.07438347729754584
3,917,0.13249079430211497,0.13539845811375006,0.03728450529888736,0.11934727927970168,0.5123496124078297,0.06312935059771618
3,918,0.15514411547918772,0.14316608380340531,0.04425766361468156,0.1275954622640633,0.4590044948034811,0.07083218003518103
3,919,0.14559465259528456,0.13042040663538768,0.03747390587036914,0.12743019987571721,0.4990866635936702,0.059994171429571135
3,920,0.13583720518409878,0.1296044643397091,0.04226683479953586,0.1372038314607886,0.48503357635079697,0.07005408786507065
3,921,0.15669452767808587,0.12519901833548533,0.04216815101819575,0.130508838879861,0.4814761418294445,0.06395332225892758
3,922,0.14612594905285187,0.12158217019037201,0.04138472572937106,0.12431098762231806,0.4927757184621839,0.07382044894290309
3,923,0.13626175652246023,0.13014865076581764,0.03745362613406991,0.14398428873402458,0.4814808178211068,0.07067086002252092
3,924,0.14843792512193663,0.11932011494389962,0.04023446409186245,0.13585945426267382,0.4848164156838225,0.07133162589580487
3,925,0.15600966901524074,0.13019311969694225,0.042750252005293185,0.12890992075720786,0.47072361097618454,0.07141342754913148
3,926,0.14115857069980767,0.12057554128770438,0.03543426271053275,0.1284411268090928,0.5020348696731636,0.07235562881969883
3,927,0.1397328683880143,0.12833828496394384,0.04399389389578861,0.12351818925097711,0.49678164514872764,0.06763511835254857
3,928,0.139323389485185,0.1370902440782217,0.03843480844904472,0.13768560217813117,0.48243307097468774,0.06503288483472966
3,929,0.14090420227946765,0.13378648444275354,0.04194539460130572,0.14306594052923532,0.46708822461613075,0.07320975353110704
3,930,0.14227725663948004,0.13062747743552314,0.03707411501294409,0.11963859767399466,0.49844629944936497,0.07193625378869313
3,931,0.15668178407733038,0.13664069547367821,0.041030580963980566,0.1338201984044297,0.46042954447615564,0.07139719660442548
3,932,0.13221135451167923,0.1402921716157767,0.0383090438797954,0.13523459909148877,0.4873694654827884,0.06658336541847144
3,933,0.14324191439456507,0.13286602324656577,0.04167215668863202,0.13804493703017293,0.4677451021323309,0.07642986650773326
3,934,0.13007837081130613,0.1348990641203365,0.03945008867260661,0.14103009542346118,0.4860023770733943,0.06854000389889528
3,935,0.1309250962818415,0.13986571337759388,0.03572334669198799,0.13427139692460227,0.4836784207081953,0.07553602601577909
3,936,0.15263788989004304,0.13312206975696225,0.035860370336938875,0.13444818198025574,0.4804157466984897,0.06351574133731037
3,937,0.14177361460999316,0.13397719400188973,0.03505786417686387,0.11603424643220145,0.5008292485276337,0.07232783225141803
3,938,0.13117929193068248,0.13113821179045818,0.041810617854537616,0.13963429226196764,0.48867208815606344,0.06756549800629064
3,939,0.14000377787458276,0.12111842815756521,0.03681060721749076,0.13014128725450752,0.5085886013414834,0.06333729815437038
3,940,0.14285947730911414,0.13877997722069213,0.0392656943401825,0.13198781485464536,0.48262590282218215,0.06448113345318375
3,941,0.15580384182405319,0.12888574750918075,0.040671245679143785,0.13547655945814208,0.46815083167508853,0.07101177385439161
3,942,0.13854125503020584,0.1337714625408397,0.036042583575901066,0.12492603027819518,0.5022856719914219,0.0644329965834362
3,943,0.13912550549774688,0.12737037382075128,0.04014007567043955,0.13780262986767242,0.48598435244240634,0.0695770627009835
3,944,0.15468243084617345,0.1212433852662373,0.04234456411619606,0.1381414963761554,0.46855858959425667,0.07502953380098107
3,945,0.14924887149306862,0.13360141431361483,0.0354452515412718,0.13561498534527056,0.47839040677373706,0.06769907053303705
3,946,0.14661320252272497,0.13332493410725824,0.03916325017445823,0.12866377475613264,0.48259805596799743,0.06963678247142853
3,947,0.15628937626390652,0.11935626164894074,0.040764489169102205,0.13646087317626296,0.4745798313436794,0.07254916839810815
3,948,0.1391290456096704,0.12816017327888038,0.038197631811502195,0.13407119890931227,0.49780919477454577,0.062632755616089
3,949,0.15221548230628346,0.1447488522537652,0.04032467142672175,0.12424966780738153,0.46191777573584075,0.07654355047000728
3,950,0.1470221301243229,0.13103358544300164,0.04019114238753979,0.12330879298609772,0.48585650703459976,0.0725878420244383
3,951,0.15984597195660016,0.1405799851752211,0.040010475743281995,0.14386725078444282,0.4468766387162051,0.06881967762424883
3,952,0.15194581371349056,0.13586307721890928,0.04043049297071938,0.14404535647878916,0.4638878045550538,0.06382745506303784
3,953,0.14828887630786464,0.1311521140099426,0.0367115091082522,0.12890023359476344,0.4817172087284037,0.07323005825077339
3,954,0.13368884219941957,0.13453211775216786,0.037983814997699025,0.11570884600305432,0.5063204069452449,0.07176597210241423
3,955,0.13697261099544045,0.13866650022176644,0.04126876228855662,0.12668885697945645,0.4879593316688028,0.06844393784597726
3,956,0.15815979118606194,0.145726287770437,0.0406742952665134,0.12313414741315276,0.4674731906152058,0.06483228774862904
3,957,0.1514220287545796,0.12969656184106998,0.041401801843929546,0.12221950438100564,0.48970021360582805,0.0655598895735871
3,958,0.13941765036057488,0.1290854636201637,0.03831415976599136,0.13472765107261656,0.48578520943748005,0.07266986574317345
3,959,0.13568782196956578,0.13074165181725197,0.036484210429394065,0.14292929316894867,0.4827505385346152,0.07140648408022421
3,960,0.13906089105404995,0.13893259006431147,0.04029612051871946,0.12191210064002315,0.48566509987824186,0.07413319784465411
3,961,0.1471541943236616,0.13558953818287273,0.04374362474928773,0.13167167135185093,0.4772562100164058,0.06458476137592113
3,962,0.15270101441708425,0.13535586571368696,0.03647029475056027,0.12150010546097123,0.4904347751014879,0.06353794455620933
3,963,0.14234703314060831,0.13374142852584842,0.04508407725250805,0.1436968369679233,0.4575748262010971,0.0775557979120149
3,964,0.13941696778708512,0.1221323901361077,0.04105361965680033,0.13134987421953576,0.4921030108559556,0.07394413734451544
3,965,0.13944307066930237,0.1377679020760913,0.03753719586702907,0.13907557519482067,0.4719635289706524,0.07421272722210417
3,966,0.13336062922216568,0.12271979992748734,0.0371192512453874,0.12254373741072831,0.5125828150084053,0.071673767185826
3,967,0.1403524947303275,0.12027576227022828,0.038959512597462116,0.1453912545076303,0.47985332139067666,0.07516765450367516
3,968,0.14354318930331228,0.1312797263129603,0.04125768886019426,0.12362613896916,0.48494384515623185,0.07534941139814134
3,969,0.15886288490962713,0.1318142226206881,0.04223734704641499,0.12427937797120847,0.46759380469357736,0.07521236275848393
3,970,0.1461142451646302,0.12514612904694386,0.03791822265779632,0.12492890565063006,0.49261336195354627,0.07327913552645333
3,971,0.14703609898790201,0.1358327892008597,0.036678588612729573,0.1261558180974248,0.4806670798851612,0.07362962521592269
3,972,0.13285297175688893,0.13265700474901934,0.040121207340136876,0.11789304675912117,0.5045335565000646,0.07194221289476901
3,973,0.15287612057052258,0.12389876762358078,0.037246809597385584,0.12701929266631215,0.49648292169313524,0.06247608784906377
3,974,0.14942032978572234,0.13710017459299464,0.03675416211262153,0.1184763176440877,0.48526724909966207,0.07298176676491165
3,975,0.14415084558235247,0.12303940200898202,0.041638936380967426,0.12305382677692332,0.49710693621370383,0.07101005303707093
3,976,0.1380979134270012,0.13341542613178967,0.03801427155828082,0.1311831335676388,0.48773722127710434,0.07155203403818511
3,977,0.16163192951695393,0.13408437369074394,0.04022207693187614,0.13930973313464157,0.4546508622076935,0.07010102451809093
3,978,0.14792835000547236,0.1345759456301341,0.0369676021475247,0.1351171705147686,0.4801910605890318,0.06521987111306854
3,979,0.14278394896085397,0.12583518150893824,0.0367232788541427,0.13602057295862058,0.4875467940187946,0.07109022369864991
3,980,0.1514269389812829,0.1313380882846964,0.04042874288013857,0.14508602760343284,0.46429251861200305,0.0674276836384463
3,981,0.14575417187678502,0.13531648313880426,0.040019316190915484,0.12828021250301902,0.4775056451136768,0.07312417117679947
3,982,0.14011381850252086,0.12182690132018896,0.038670709358926164,0.12161271617140484,0.5119813026733422,0.06579455197361692
3,983,0.14323828806162658,0.12496018751160683,0.04042737471467576,0.12143870511503463,0.4986139276761659,0.07132151692089031
3,984,0.14951513719744663,0.1299310037208365,0.03692540796031885,0.13160978111395538,0.4821241150425771,0.06989455496486564
3,985,0.13139684789173137,0.1292684023866477,0.03751091970092901,0.13340321357965332,0.5003300146525367,0.06809060178850185
3,986,0.13261006746735196,0.1323924510207692,0.039068205892432366,0.12925329282166792,0.5014432314950772,0.06523275130270134
3,987,0.14597049788911493,0.12245227322067359,0.03598765363702838,0.12626929634920755,0.4997508892746376,0.06956938962933785
3,988,0.14721023953480272,0.14225803673240825,0.037269586423797435,0.13801946597289613,0.4565060643495647,0.07873660698653077
3,989,0.13529313274056606,0.12986845197487756,0.03894696213028257,0.13511060485706317,0.4883932341234969,0.07238761417371369
3,990,0.13835922845913853,0.12573057557022593,0.04205899194418688,0.11812994366002177,0.5066397919754043,0.06908146839102261
3,991,0.15804410578342584,0.12207712605219158,0.04242692964264715,0.12278016814926544,0.48344438278347,0.07122728758900003
3,992,0.13419467850595576,0.11734235711120944,0.04399257222560262,0.13313366596988488,0.5011829508288026,0.07015377535854458
3,993,0.14162148991663648,0.13209129734230632,0.041022845581922145,0.12101664678203113,0.49454705737938714,0.06970066299771678
3,994,0.14203373434426714,0.1368013471405606,0.035654531534949775,0.11245211448407239,0.5027162554398276,0.07034201705632254
3,995,0.15650358789886817,0.12787484254649437,0.039549309483311854,0.1357406033049206,0.4745338919913979,0.0657977647750071
3,996,0.15510198172419246,0.12858275139414663,0.04086071618071276,0.12473834716983755,0.4848001335939134,0.06591606993719712
3,997,0.16046501933180138,0.14030265193920305,0.043188440674181705,0.14313339234553393,0.44816111840065403,0.06474937730862587
3,998,0.15562760442878834,0.11689802820449774,0.03897181286131721,0.14011687196842124,0.47267242308209284,0.07571325945488258
3,999,0.14972974546872755,0.13164139159300306,0.03773398037345476,0.1210229467415839,0.492120232046576,0.06775170377665479
3,1000,0.15418564459506295,0.12392126568891976,0.04274643211007653,0.13095537782781147,0.4792561400269678,0.06893513975116138
